scanTime,CH1,CH2,CH3,CH4,id1,flag1,x1,y1,id2,flag2,x2,y2,id3,flag3,x3,y3,id4,flag4,x4,y4,id5,flag5,x5,y5,button,pressure
22835,2043,2042,2046,2049,1,3,465,778,0,0,0,0,0,0,0,0,0,0,0,0,0,0,0,0,0,0
22907,2044,2044,2048,2060,1,3,465,778,0,0,0,0,0,0,0,0,0,0,0,0,0,0,0,0,0,0
22981,2046,2045,2052,2086,0,3,254,724,1,3,465,778,0,0,0,0,0,0,0,0,0,0,0,0,0,0
23052,2046,2047,2056,2106,0,3,254,724,1,3,465,778,0,0,0,0,0,0,0,0,0,0,0,0,0,1
23123,2047,2048,2057,2120,0,3,254,724,1,3,465,778,0,0,0,0,0,0,0,0,0,0,0,0,0,2
23194,2048,2048,2060,2131,0,3,254,724,1,3,465,778,0,0,0,0,0,0,0,0,0,0,0,0,0,3
23264,2049,2049,2060,2141,0,3,254,724,1,3,465,778,0,0,0,0,0,0,0,0,0,0,0,0,0,4
23335,2048,2050,2062,2151,0,3,254,724,1,3,465,778,0,0,0,0,0,0,0,0,0,0,0,0,0,5
23405,2049,2050,2064,2160,0,3,254,724,1,3,465,778,0,0,0,0,0,0,0,0,0,0,0,0,0,6
23479,2050,2051,2064,2168,0,3,254,724,1,3,465,778,0,0,0,0,0,0,0,0,0,0,0,0,0,7
23547,2050,2051,2066,2175,0,3,254,724,1,3,465,778,0,0,0,0,0,0,0,0,0,0,0,0,0,8
23621,2051,2052,2067,2184,0,3,254,724,1,3,465,778,0,0,0,0,0,0,0,0,0,0,0,0,0,9
23689,2051,2052,2068,2192,0,3,254,724,1,3,465,778,0,0,0,0,0,0,0,0,0,0,0,0,0,10
23763,2051,2053,2069,2195,0,3,254,724,1,3,465,778,0,0,0,0,0,0,0,0,0,0,0,0,0,11
23829,2051,2053,2070,2201,0,3,254,724,1,3,465,778,0,0,0,0,0,0,0,0,0,0,0,0,0,11
23900,2051,2054,2070,2206,0,3,254,724,1,3,465,778,0,0,0,0,0,0,0,0,0,0,0,0,0,12
23973,2052,2055,2071,2211,0,3,254,724,1,3,465,778,0,0,0,0,0,0,0,0,0,0,0,0,0,13
24043,2053,2055,2071,2215,0,3,254,724,1,3,465,778,0,0,0,0,0,0,0,0,0,0,0,0,0,14
24114,2052,2055,2073,2220,0,3,254,724,1,3,465,778,0,0,0,0,0,0,0,0,0,0,0,0,0,15
24182,2053,2056,2073,2225,0,3,254,724,1,3,465,778,0,0,0,0,0,0,0,0,0,0,0,0,0,16
24256,2053,2056,2074,2230,0,3,254,724,1,3,465,778,0,0,0,0,0,0,0,0,0,0,0,0,0,17
24327,2054,2056,2075,2232,0,3,254,724,1,3,465,778,0,0,0,0,0,0,0,0,0,0,0,0,0,18
24397,2054,2056,2074,2235,0,3,254,724,1,3,465,778,0,0,0,0,0,0,0,0,0,0,0,0,0,19
24468,2054,2057,2075,2236,0,3,254,724,1,3,465,778,0,0,0,0,0,0,0,0,0,0,0,0,0,19
24539,2054,2057,2076,2238,0,3,254,724,1,3,465,778,0,0,0,0,0,0,0,0,0,0,0,0,0,20
24607,2055,2057,2076,2238,0,3,254,724,1,3,465,778,0,0,0,0,0,0,0,0,0,0,0,0,0,21
24681,2054,2056,2075,2238,0,3,254,724,1,3,465,778,0,0,0,0,0,0,0,0,0,0,0,0,0,22
24751,2054,2057,2076,2237,0,3,254,724,1,3,465,778,0,0,0,0,0,0,0,0,0,0,0,0,0,22
24830,2054,2058,2075,2235,0,3,254,724,1,3,465,778,0,0,0,0,0,0,0,0,0,0,0,0,0,23
24894,2055,2057,2075,2234,0,3,254,724,1,3,465,778,0,0,0,0,0,0,0,0,0,0,0,0,0,24
24964,2055,2057,2075,2232,0,3,254,724,1,3,465,778,0,0,0,0,0,0,0,0,0,0,0,0,0,24
25035,2054,2057,2075,2228,0,3,254,724,1,3,465,778,0,0,0,0,0,0,0,0,0,0,0,0,0,25
25106,2054,2057,2074,2226,0,3,254,724,1,3,465,778,0,0,0,0,0,0,0,0,0,0,0,0,0,25
25174,2054,2057,2073,2221,0,3,254,724,1,3,465,778,0,0,0,0,0,0,0,0,0,0,0,0,0,26
25248,2054,2056,2072,2218,0,3,254,724,1,3,465,778,0,0,0,0,0,0,0,0,0,0,0,0,0,26
25318,2054,2056,2071,2214,0,3,254,724,1,3,465,778,0,0,0,0,0,0,0,0,0,0,0,0,0,26
25389,2054,2056,2070,2211,0,3,254,724,1,3,465,778,0,0,0,0,0,0,0,0,0,0,0,0,0,27
25459,2053,2056,2071,2206,0,3,254,724,1,3,465,778,0,0,0,0,0,0,0,0,0,0,0,0,0,27
25530,2053,2056,2069,2202,0,3,254,724,1,3,465,778,0,0,0,0,0,0,0,0,0,0,0,0,0,28
25600,2053,2055,2069,2198,0,3,254,724,1,3,465,778,0,0,0,0,0,0,0,0,0,0,0,0,0,28
25671,2053,2055,2068,2194,0,3,254,724,1,3,465,778,0,0,0,0,0,0,0,0,0,0,0,0,0,28
25741,2052,2056,2068,2190,0,3,254,724,1,3,465,778,0,0,0,0,0,0,0,0,0,0,0,0,0,29
25812,2052,2054,2067,2186,0,3,254,724,1,3,465,778,0,0,0,0,0,0,0,0,0,0,0,0,0,29
25890,2052,2054,2066,2181,0,3,254,724,1,3,465,778,0,0,0,0,0,0,0,0,0,0,0,0,0,29
25953,2052,2054,2065,2177,0,3,254,724,1,3,465,778,0,0,0,0,0,0,0,0,0,0,0,0,0,30
26024,2051,2054,2065,2171,0,3,254,724,1,3,465,778,0,0,0,0,0,0,0,0,0,0,0,0,0,30
26094,2052,2054,2064,2166,0,3,254,724,1,3,465,778,0,0,0,0,0,0,0,0,0,0,0,0,0,30
26165,2051,2053,2063,2161,0,3,254,724,1,3,465,778,0,0,0,0,0,0,0,0,0,0,0,0,0,30
26235,2051,2053,2062,2157,0,3,254,724,1,3,465,778,0,0,0,0,0,0,0,0,0,0,0,0,0,31
26306,2051,2053,2061,2153,0,3,254,724,1,3,465,778,0,0,0,0,0,0,0,0,0,0,0,0,0,31
26374,2051,2053,2061,2148,0,3,254,724,1,3,465,778,0,0,0,0,0,0,0,0,0,0,0,0,0,31
26448,2051,2052,2061,2144,0,3,254,724,1,3,465,778,0,0,0,0,0,0,0,0,0,0,0,0,0,31
26516,2051,2052,2060,2142,0,3,254,724,1,3,465,778,0,0,0,0,0,0,0,0,0,0,0,0,0,32
26586,2051,2051,2059,2138,0,3,254,724,1,3,465,778,0,0,0,0,0,0,0,0,0,0,0,0,0,32
26657,2050,2052,2059,2136,0,3,254,724,1,3,465,778,0,0,0,0,0,0,0,0,0,0,0,0,0,32
26731,2050,2051,2058,2134,0,3,254,724,1,3,465,778,0,0,0,0,0,0,0,0,0,0,0,0,0,32
26802,2050,2052,2058,2131,0,3,254,724,1,3,465,778,0,0,0,0,0,0,0,0,0,0,0,0,0,33
26873,2050,2051,2059,2130,0,3,254,724,1,3,465,778,0,0,0,0,0,0,0,0,0,0,0,0,0,33
26951,2050,2051,2058,2127,0,3,254,724,1,3,465,778,0,0,0,0,0,0,0,0,0,0,0,0,0,33
27014,2050,2050,2058,2124,0,3,254,724,1,3,465,778,0,0,0,0,0,0,0,0,0,0,0,0,0,33
27085,2050,2051,2057,2121,0,3,254,724,1,3,465,778,0,0,0,0,0,0,0,0,0,0,0,0,0,34
27155,2049,2050,2057,2118,0,3,254,724,1,3,465,778,0,0,0,0,0,0,0,0,0,0,0,0,0,34
27226,2049,2050,2057,2115,0,3,254,724,1,3,465,777,0,0,0,0,0,0,0,0,0,0,0,0,0,34
27297,2049,2049,2056,2111,0,3,254,724,1,3,465,776,0,0,0,0,0,0,0,0,0,0,0,0,0,34
27368,2049,2050,2056,2108,0,3,254,724,1,3,465,775,0,0,0,0,0,0,0,0,0,0,0,0,0,34
27439,2049,2050,2055,2106,0,3,254,724,1,3,465,775,0,0,0,0,0,0,0,0,0,0,0,0,0,34
27510,2049,2050,2055,2103,0,3,254,724,1,3,465,774,0,0,0,0,0,0,0,0,0,0,0,0,0,34
27581,2048,2050,2054,2101,0,3,254,724,1,3,465,774,0,0,0,0,0,0,0,0,0,0,0,0,0,35
27651,2048,2048,2054,2098,0,3,254,724,1,3,465,774,0,0,0,0,0,0,0,0,0,0,0,0,0,35
27722,2048,2049,2053,2097,0,3,254,724,1,3,465,774,0,0,0,0,0,0,0,0,0,0,0,0,0,35
27792,2048,2049,2053,2096,0,3,254,724,1,3,465,774,0,0,0,0,0,0,0,0,0,0,0,0,0,35
27862,2048,2049,2053,2093,0,3,254,724,1,3,465,773,0,0,0,0,0,0,0,0,0,0,0,0,0,35
27933,2047,2049,2052,2091,0,3,254,724,1,3,465,773,0,0,0,0,0,0,0,0,0,0,0,0,0,35
28008,2048,2048,2052,2088,0,3,254,724,1,3,465,773,0,0,0,0,0,0,0,0,0,0,0,0,0,36
28074,2046,2048,2052,2086,0,3,254,724,1,3,465,774,0,0,0,0,0,0,0,0,0,0,0,0,0,36
28145,2047,2049,2051,2084,0,3,254,724,1,3,465,774,0,0,0,0,0,0,0,0,0,0,0,0,0,36
28216,2048,2049,2051,2081,0,3,254,724,1,3,465,774,0,0,0,0,0,0,0,0,0,0,0,0,0,36
28286,2047,2047,2051,2079,0,3,254,724,1,3,465,774,0,0,0,0,0,0,0,0,0,0,0,0,0,36
28355,2046,2048,2051,2077,0,3,254,724,1,3,465,774,0,0,0,0,0,0,0,0,0,0,0,0,0,36
28425,2047,2048,2051,2076,0,3,254,724,1,3,465,774,0,0,0,0,0,0,0,0,0,0,0,0,0,36
28498,2046,2047,2051,2075,0,3,254,724,1,3,465,774,0,0,0,0,0,0,0,0,0,0,0,0,0,36
28569,2047,2048,2051,2074,0,3,254,724,1,3,465,774,0,0,0,0,0,0,0,0,0,0,0,0,0,36
28640,2046,2047,2051,2074,0,3,254,724,1,3,465,774,0,0,0,0,0,0,0,0,0,0,0,0,0,36
28711,2046,2046,2051,2075,0,3,254,724,1,3,465,774,0,0,0,0,0,0,0,0,0,0,0,0,0,36
28782,2046,2047,2051,2075,0,3,254,724,1,3,465,774,0,0,0,0,0,0,0,0,0,0,0,0,0,36
28853,2046,2046,2051,2077,0,3,254,724,1,3,465,774,0,0,0,0,0,0,0,0,0,0,0,0,0,36
28924,2046,2047,2052,2078,0,3,254,724,1,3,465,774,0,0,0,0,0,0,0,0,0,0,0,0,0,36
28995,2046,2046,2051,2077,0,3,254,724,1,3,465,774,0,0,0,0,0,0,0,0,0,0,0,0,0,36
29073,2046,2047,2051,2077,0,3,254,724,1,3,465,774,0,0,0,0,0,0,0,0,0,0,0,0,0,36
29136,2046,2047,2052,2077,0,3,254,724,1,3,465,774,0,0,0,0,0,0,0,0,0,0,0,0,0,36
29207,2046,2048,2052,2075,0,3,254,724,1,3,465,774,0,0,0,0,0,0,0,0,0,0,0,0,0,36
29278,2046,2047,2051,2074,0,3,254,724,1,3,465,774,0,0,0,0,0,0,0,0,0,0,0,0,0,36
29349,2046,2047,2052,2073,0,3,254,724,1,3,465,774,0,0,0,0,0,0,0,0,0,0,0,0,0,36
29419,2046,2047,2051,2071,0,3,254,724,1,3,465,774,0,0,0,0,0,0,0,0,0,0,0,0,0,36
29490,2046,2046,2051,2071,0,3,254,724,1,3,465,774,0,0,0,0,0,0,0,0,0,0,0,0,0,36
29561,2046,2046,2050,2070,0,3,254,724,1,3,465,774,0,0,0,0,0,0,0,0,0,0,0,0,0,36
29631,2046,2045,2050,2070,0,3,254,724,1,3,465,774,0,0,0,0,0,0,0,0,0,0,0,0,0,36
29702,2046,2046,2050,2069,0,3,254,724,1,3,465,774,0,0,0,0,0,0,0,0,0,0,0,0,0,36
29771,2045,2046,2050,2068,0,3,254,724,1,3,465,774,0,0,0,0,0,0,0,0,0,0,0,0,0,36
29843,2045,2045,2049,2068,0,3,254,724,1,3,465,774,0,0,0,0,0,0,0,0,0,0,0,0,0,36
29913,2046,2046,2049,2067,0,3,254,724,1,3,465,774,0,0,0,0,0,0,0,0,0,0,0,0,0,36
29985,2046,2045,2049,2065,0,3,254,724,1,3,465,774,0,0,0,0,0,0,0,0,0,0,0,0,0,36
30056,2045,2045,2049,2064,0,3,254,724,1,3,465,774,0,0,0,0,0,0,0,0,0,0,0,0,0,36
30134,2045,2045,2049,2062,0,3,254,724,1,3,465,774,0,0,0,0,0,0,0,0,0,0,0,0,0,36
30195,2046,2046,2048,2061,0,3,254,724,1,3,465,774,0,0,0,0,0,0,0,0,0,0,0,0,0,36
30265,2045,2046,2048,2060,0,3,254,724,1,3,465,774,0,0,0,0,0,0,0,0,0,0,0,0,0,36
30339,2045,2046,2048,2058,0,3,254,724,1,3,465,774,0,0,0,0,0,0,0,0,0,0,0,0,0,36
30410,2045,2046,2047,2056,0,3,254,724,1,3,465,774,0,0,0,0,0,0,0,0,0,0,0,0,0,36
30481,2045,2046,2046,2056,0,3,254,724,1,3,465,774,0,0,0,0,0,0,0,0,0,0,0,0,0,36
30552,2045,2045,2047,2054,0,3,254,724,1,3,465,774,0,0,0,0,0,0,0,0,0,0,0,0,0,36
30623,2044,2045,2045,2054,0,3,254,724,1,3,465,774,0,0,0,0,0,0,0,0,0,0,0,0,0,36
30693,2045,2045,2045,2054,0,3,254,724,1,3,465,774,0,0,0,0,0,0,0,0,0,0,0,0,0,36
30764,2045,2045,2046,2054,0,3,254,724,1,3,465,774,0,0,0,0,0,0,0,0,0,0,0,0,0,36
30835,2045,2045,2045,2052,0,3,254,724,1,3,465,774,0,0,0,0,0,0,0,0,0,0,0,0,0,36
30905,2045,2045,2046,2052,0,3,254,724,1,3,465,774,0,0,0,0,0,0,0,0,0,0,0,0,0,36
30976,2044,2044,2045,2052,0,3,254,724,1,3,465,774,0,0,0,0,0,0,0,0,0,0,0,0,0,36
31047,2045,2045,2045,2052,0,3,254,724,1,3,465,774,0,0,0,0,0,0,0,0,0,0,0,0,0,36
31118,2045,2045,2045,2052,0,3,254,724,1,3,465,774,0,0,0,0,0,0,0,0,0,0,0,0,0,36
31196,2044,2044,2045,2051,0,3,254,724,1,3,465,774,0,0,0,0,0,0,0,0,0,0,0,0,0,36
31260,2044,2044,2045,2050,0,3,254,724,1,3,465,774,0,0,0,0,0,0,0,0,0,0,0,0,0,36
31331,2044,2044,2045,2050,0,3,254,724,1,3,465,774,0,0,0,0,0,0,0,0,0,0,0,0,0,36
31402,2044,2044,2045,2049,0,3,254,724,1,3,465,774,0,0,0,0,0,0,0,0,0,0,0,0,0,36
31473,2045,2045,2045,2046,0,3,254,724,1,3,465,774,0,0,0,0,0,0,0,0,0,0,0,0,0,36
31544,2044,2044,2044,2046,0,3,254,724,1,3,465,774,0,0,0,0,0,0,0,0,0,0,0,0,0,36
31615,2045,2044,2044,2045,0,3,254,724,1,3,465,774,0,0,0,0,0,0,0,0,0,0,0,0,0,36
31685,2044,2044,2045,2045,0,3,254,724,1,3,465,774,0,0,0,0,0,0,0,0,0,0,0,0,0,36
31756,2044,2044,2044,2046,0,3,254,724,1,3,465,774,0,0,0,0,0,0,0,0,0,0,0,0,0,36
31827,2045,2044,2045,2046,0,3,254,724,1,3,465,774,0,0,0,0,0,0,0,0,0,0,0,0,0,36
31898,2044,2044,2045,2048,0,3,254,724,1,3,465,774,0,0,0,0,0,0,0,0,0,0,0,0,0,36
31967,2044,2044,2045,2049,0,3,254,724,1,3,465,774,0,0,0,0,0,0,0,0,0,0,0,0,0,36
32039,2044,2045,2045,2050,0,3,254,724,1,3,465,774,0,0,0,0,0,0,0,0,0,0,0,0,0,36
32110,2045,2045,2045,2051,0,3,254,724,1,3,465,774,0,0,0,0,0,0,0,0,0,0,0,0,0,36
32180,2044,2045,2045,2052,0,3,254,724,1,3,465,774,0,0,0,0,0,0,0,0,0,0,0,0,0,36
32258,2044,2044,2046,2052,0,3,254,724,1,3,465,774,0,0,0,0,0,0,0,0,0,0,0,0,0,36
32321,2044,2044,2046,2052,0,3,254,724,1,3,465,774,0,0,0,0,0,0,0,0,0,0,0,0,0,36
32392,2044,2045,2046,2052,0,3,254,724,1,3,465,774,0,0,0,0,0,0,0,0,0,0,0,0,0,36
32463,2045,2044,2046,2053,0,3,254,724,1,3,465,774,0,0,0,0,0,0,0,0,0,0,0,0,0,36
32534,2044,2045,2046,2052,0,3,254,724,1,3,465,774,0,0,0,0,0,0,0,0,0,0,0,0,0,36
32605,2045,2045,2045,2053,0,3,254,724,1,3,465,774,0,0,0,0,0,0,0,0,0,0,0,0,0,36
32676,2045,2045,2046,2054,0,3,254,724,1,3,465,774,0,0,0,0,0,0,0,0,0,0,0,0,0,36
32747,2045,2044,2048,2054,0,3,254,724,1,3,465,774,0,0,0,0,0,0,0,0,0,0,0,0,0,36
32818,2045,2045,2047,2055,0,3,254,724,1,3,465,774,0,0,0,0,0,0,0,0,0,0,0,0,0,36
32888,2046,2045,2048,2056,0,3,254,724,1,3,465,774,0,0,0,0,0,0,0,0,0,0,0,0,0,36
32959,2045,2044,2048,2058,0,3,254,724,1,3,465,774,0,0,0,0,0,0,0,0,0,0,0,0,0,36
33030,2045,2045,2048,2059,0,3,254,724,1,3,465,774,0,0,0,0,0,0,0,0,0,0,0,0,0,36
33100,2045,2045,2048,2059,0,3,254,724,1,3,465,774,0,0,0,0,0,0,0,0,0,0,0,0,0,36
33170,2045,2045,2048,2060,0,3,254,724,1,3,465,774,0,0,0,0,0,0,0,0,0,0,0,0,0,36
33241,2045,2045,2048,2061,0,3,254,724,1,3,465,774,0,0,0,0,0,0,0,0,0,0,0,0,0,36
33320,2045,2045,2048,2062,0,3,254,724,1,3,465,774,0,0,0,0,0,0,0,0,0,0,0,0,0,36
33383,2045,2045,2048,2061,0,3,254,724,1,3,465,774,0,0,0,0,0,0,0,0,0,0,0,0,0,36
33454,2045,2045,2047,2061,0,3,254,724,1,3,465,774,0,0,0,0,0,0,0,0,0,0,0,0,0,36
33524,2045,2045,2048,2061,0,3,254,724,1,3,465,774,0,0,0,0,0,0,0,0,0,0,0,0,0,36
33595,2045,2045,2048,2061,0,3,254,724,1,3,465,774,0,0,0,0,0,0,0,0,0,0,0,0,0,36
33665,2045,2045,2048,2062,0,3,254,724,1,3,465,774,0,0,0,0,0,0,0,0,0,0,0,0,0,36
33736,2045,2045,2048,2061,0,3,254,724,1,3,465,774,0,0,0,0,0,0,0,0,0,0,0,0,0,36
33807,2045,2045,2048,2062,0,3,254,724,1,3,465,774,0,0,0,0,0,0,0,0,0,0,0,0,0,36
33878,2045,2045,2048,2062,0,3,254,724,1,3,465,774,0,0,0,0,0,0,0,0,0,0,0,0,0,36
33948,2045,2045,2048,2063,0,3,254,724,1,3,465,774,0,0,0,0,0,0,0,0,0,0,0,0,0,36
34019,2045,2045,2048,2062,0,3,254,724,1,3,465,774,0,0,0,0,0,0,0,0,0,0,0,0,0,36
34090,2045,2045,2047,2062,0,3,254,724,1,3,465,774,0,0,0,0,0,0,0,0,0,0,0,0,0,36
34161,2045,2046,2048,2063,0,3,254,724,1,3,465,774,0,0,0,0,0,0,0,0,0,0,0,0,0,36
34232,2046,2045,2048,2063,0,3,254,724,1,3,465,774,0,0,0,0,0,0,0,0,0,0,0,0,0,36
34303,2045,2045,2048,2062,0,3,254,724,1,3,465,774,0,0,0,0,0,0,0,0,0,0,0,0,0,36
34381,2044,2046,2048,2060,0,3,254,724,1,3,465,774,0,0,0,0,0,0,0,0,0,0,0,0,0,36
34445,2044,2045,2047,2059,0,3,254,724,1,3,465,774,0,0,0,0,0,0,0,0,0,0,0,0,0,36
34515,2046,2045,2047,2058,0,3,254,724,1,3,465,774,0,0,0,0,0,0,0,0,0,0,0,0,0,36
34587,2046,2045,2046,2059,0,3,254,724,1,3,465,774,0,0,0,0,0,0,0,0,0,0,0,0,0,36
34656,2045,2045,2048,2058,0,3,254,724,1,3,465,774,0,0,0,0,0,0,0,0,0,0,0,0,0,36
34799,2044,2045,2047,2059,0,3,254,724,1,3,465,774,0,0,0,0,0,0,0,0,0,0,0,0,0,36
34869,2045,2045,2047,2058,0,3,254,724,1,3,465,774,0,0,0,0,0,0,0,0,0,0,0,0,0,36
34940,2045,2045,2047,2057,0,3,254,724,1,3,465,774,0,0,0,0,0,0,0,0,0,0,0,0,0,36
35010,2044,2045,2047,2059,0,3,254,724,1,3,465,774,0,0,0,0,0,0,0,0,0,0,0,0,0,36
35081,2045,2045,2048,2059,0,3,254,724,1,3,465,774,0,0,0,0,0,0,0,0,0,0,0,0,0,36
35152,2045,2045,2048,2061,0,3,254,724,1,3,465,774,0,0,0,0,0,0,0,0,0,0,0,0,0,36
35223,2045,2045,2049,2061,0,3,254,724,1,3,465,774,0,0,0,0,0,0,0,0,0,0,0,0,0,36
35294,2045,2045,2049,2062,0,3,254,724,1,3,465,774,0,0,0,0,0,0,0,0,0,0,0,0,0,36
35364,2045,2045,2049,2062,0,3,254,724,1,3,465,774,0,0,0,0,0,0,0,0,0,0,0,0,0,36
35441,2044,2045,2048,2062,0,3,254,724,1,3,465,774,0,0,0,0,0,0,0,0,0,0,0,0,0,36
35507,2045,2045,2048,2062,0,3,254,724,1,3,465,774,0,0,0,0,0,0,0,0,0,0,0,0,0,36
35577,2045,2045,2049,2062,0,3,254,724,1,3,465,774,0,0,0,0,0,0,0,0,0,0,0,0,0,36
35648,2045,2045,2047,2061,0,3,254,724,1,3,465,774,0,0,0,0,0,0,0,0,0,0,0,0,0,36
35717,2045,2045,2048,2062,0,3,254,724,1,3,465,774,0,0,0,0,0,0,0,0,0,0,0,0,0,36
35789,2044,2045,2048,2062,0,3,254,724,1,3,465,774,0,0,0,0,0,0,0,0,0,0,0,0,0,36
35859,2045,2045,2047,2061,0,3,254,724,1,3,465,774,0,0,0,0,0,0,0,0,0,0,0,0,0,36
35930,2045,2045,2047,2061,0,3,254,724,1,3,465,774,0,0,0,0,0,0,0,0,0,0,0,0,0,36
36000,2044,2045,2047,2061,0,3,254,724,1,3,465,774,0,0,0,0,0,0,0,0,0,0,0,0,0,36
36070,2045,2044,2047,2061,0,3,254,724,1,3,465,774,0,0,0,0,0,0,0,0,0,0,0,0,0,36
36142,2044,2045,2047,2060,0,3,254,724,1,3,465,774,0,0,0,0,0,0,0,0,0,0,0,0,0,36
36212,2045,2044,2046,2060,0,3,254,724,1,3,465,774,0,0,0,0,0,0,0,0,0,0,0,0,0,36
36283,2045,2045,2047,2060,0,3,254,724,1,3,465,774,0,0,0,0,0,0,0,0,0,0,0,0,0,36
36353,2045,2045,2046,2058,0,3,254,724,1,3,465,774,0,0,0,0,0,0,0,0,0,0,0,0,0,36
36424,2045,2044,2046,2056,0,3,254,724,1,3,465,774,0,0,0,0,0,0,0,0,0,0,0,0,0,36
36502,2044,2045,2045,2055,0,3,254,724,1,3,465,774,0,0,0,0,0,0,0,0,0,0,0,0,0,36
36566,2045,2045,2045,2052,0,3,254,724,1,3,465,774,0,0,0,0,0,0,0,0,0,0,0,0,0,36
36637,2044,2044,2044,2051,0,3,254,724,1,3,465,774,0,0,0,0,0,0,0,0,0,0,0,0,0,36
36708,2044,2045,2045,2050,0,3,254,724,1,3,465,774,0,0,0,0,0,0,0,0,0,0,0,0,0,36
36778,2044,2044,2045,2049,0,3,254,724,1,3,465,774,0,0,0,0,0,0,0,0,0,0,0,0,0,36
36848,2044,2044,2045,2049,0,3,254,724,1,3,465,774,0,0,0,0,0,0,0,0,0,0,0,0,0,36
36918,2044,2045,2045,2048,0,3,254,724,1,3,465,774,0,0,0,0,0,0,0,0,0,0,0,0,0,36
36990,2045,2045,2045,2049,0,3,254,724,1,3,465,774,0,0,0,0,0,0,0,0,0,0,0,0,0,36
37061,2044,2044,2045,2049,0,3,254,724,1,3,465,774,0,0,0,0,0,0,0,0,0,0,0,0,0,36
37132,2044,2045,2045,2048,0,3,254,724,1,3,465,774,0,0,0,0,0,0,0,0,0,0,0,0,0,36
37202,2044,2045,2045,2047,0,3,254,724,1,3,465,774,0,0,0,0,0,0,0,0,0,0,0,0,0,36
37273,2044,2044,2044,2049,0,3,254,724,1,3,465,774,0,0,0,0,0,0,0,0,0,0,0,0,0,36
37343,2045,2044,2045,2050,0,3,254,724,1,3,465,774,0,0,0,0,0,0,0,0,0,0,0,0,0,36
37414,2044,2044,2045,2050,0,3,254,724,1,3,465,774,0,0,0,0,0,0,0,0,0,0,0,0,0,36
37485,2044,2044,2044,2050,0,3,254,724,1,3,465,774,0,0,0,0,0,0,0,0,0,0,0,0,0,36
37564,2044,2043,2044,2050,0,3,254,724,1,3,465,774,0,0,0,0,0,0,0,0,0,0,0,0,0,36
37627,2043,2044,2044,2050,0,3,254,724,1,3,465,774,0,0,0,0,0,0,0,0,0,0,0,0,0,36
37697,2044,2044,2044,2050,0,3,254,724,1,3,465,774,0,0,0,0,0,0,0,0,0,0,0,0,0,36
37768,2044,2044,2044,2049,0,3,254,724,1,3,465,774,0,0,0,0,0,0,0,0,0,0,0,0,0,36
37839,2043,2044,2044,2051,0,3,254,724,1,3,465,774,0,0,0,0,0,0,0,0,0,0,0,0,0,36
37909,2044,2044,2043,2052,0,3,254,724,1,3,465,774,0,0,0,0,0,0,0,0,0,0,0,0,0,36
37980,2044,2044,2045,2053,0,3,254,724,1,3,465,774,0,0,0,0,0,0,0,0,0,0,0,0,0,36
38052,2044,2044,2045,2055,0,3,254,724,1,3,465,774,0,0,0,0,0,0,0,0,0,0,0,0,0,36
38121,2044,2044,2045,2057,0,3,254,724,1,3,465,774,0,0,0,0,0,0,0,0,0,0,0,0,0,36
38192,2045,2044,2044,2062,0,3,254,724,1,3,465,774,0,0,0,0,0,0,0,0,0,0,0,0,0,36
38264,2044,2045,2045,2065,0,3,254,724,1,3,465,774,0,0,0,0,0,0,0,0,0,0,0,0,0,36
38334,2044,2044,2046,2068,0,3,254,724,1,3,465,773,0,0,0,0,0,0,0,0,0,0,0,0,0,36
38404,2046,2045,2046,2071,0,3,254,724,1,3,465,772,0,0,0,0,0,0,0,0,0,0,0,0,0,36
38474,2044,2045,2048,2074,0,3,254,724,1,3,465,772,0,0,0,0,0,0,0,0,0,0,0,0,0,36
38546,2044,2045,2048,2077,0,3,254,724,1,3,465,771,0,0,0,0,0,0,0,0,0,0,0,0,0,36
38623,2045,2045,2049,2079,0,3,254,724,1,3,465,771,0,0,0,0,0,0,0,0,0,0,0,0,0,36
38686,2045,2045,2049,2082,0,3,254,724,1,3,465,770,0,0,0,0,0,0,0,0,0,0,0,0,0,36
38757,2045,2045,2049,2085,0,3,254,724,1,3,465,770,0,0,0,0,0,0,0,0,0,0,0,0,0,36
38827,2045,2045,2050,2087,0,3,254,724,1,3,465,770,0,0,0,0,0,0,0,0,0,0,0,0,0,36
38898,2045,2048,2050,2091,0,3,254,724,1,3,465,769,0,0,0,0,0,0,0,0,0,0,0,0,0,36
38969,2045,2046,2050,2093,0,3,254,724,1,3,465,769,0,0,0,0,0,0,0,0,0,0,0,0,0,37
39040,2046,2046,2052,2096,0,3,254,724,1,3,465,769,0,0,0,0,0,0,0,0,0,0,0,0,0,37
39111,2046,2046,2051,2098,0,3,254,724,1,3,465,769,0,0,0,0,0,0,0,0,0,0,0,0,0,37
39182,2045,2049,2052,2101,0,3,254,724,1,3,465,768,0,0,0,0,0,0,0,0,0,0,0,0,0,38
39252,2046,2048,2053,2102,0,3,254,724,1,3,465,768,0,0,0,0,0,0,0,0,0,0,0,0,0,38
39323,2046,2048,2053,2104,0,3,254,724,1,3,465,768,0,0,0,0,0,0,0,0,0,0,0,0,0,39
39394,2046,2048,2053,2106,0,3,254,724,1,3,465,768,0,0,0,0,0,0,0,0,0,0,0,0,0,39
39465,2047,2048,2053,2105,0,3,254,723,1,3,465,768,0,0,0,0,0,0,0,0,0,0,0,0,0,39
39536,2046,2049,2053,2105,0,3,254,723,1,3,465,767,0,0,0,0,0,0,0,0,0,0,0,0,0,40
39607,2046,2048,2053,2103,0,3,254,722,1,3,465,767,0,0,0,0,0,0,0,0,0,0,0,0,0,40
39685,2046,2049,2053,2103,0,3,254,722,1,3,465,767,0,0,0,0,0,0,0,0,0,0,0,0,0,40
39748,2046,2048,2053,2103,0,3,254,721,1,3,465,767,0,0,0,0,0,0,0,0,0,0,0,0,0,40
39819,2046,2048,2052,2103,0,3,254,721,1,3,465,767,0,0,0,0,0,0,0,0,0,0,0,0,0,41
39890,2046,2048,2053,2104,0,3,254,720,1,3,465,766,0,0,0,0,0,0,0,0,0,0,0,0,0,41
39960,2046,2049,2052,2106,0,3,255,720,1,3,465,766,0,0,0,0,0,0,0,0,0,0,0,0,0,41
40031,2046,2049,2052,2108,0,3,255,720,1,3,465,766,0,0,0,0,0,0,0,0,0,0,0,0,0,42
40101,2046,2049,2053,2110,0,3,255,719,1,3,465,765,0,0,0,0,0,0,0,0,0,0,0,0,0,42
40172,2046,2048,2053,2113,0,3,255,718,1,3,465,765,0,0,0,0,0,0,0,0,0,0,0,0,0,42
40243,2048,2049,2054,2115,0,3,255,718,1,3,465,765,0,0,0,0,0,0,0,0,0,0,0,0,0,43
40313,2046,2049,2054,2116,0,3,255,717,1,3,465,764,0,0,0,0,0,0,0,0,0,0,0,0,0,43
40384,2047,2049,2054,2118,0,3,255,717,1,3,465,764,0,0,0,0,0,0,0,0,0,0,0,0,0,44
40455,2047,2049,2054,2120,0,3,255,716,1,3,465,763,0,0,0,0,0,0,0,0,0,0,0,0,0,44
40526,2047,2049,2053,2120,0,3,255,716,1,3,465,763,0,0,0,0,0,0,0,0,0,0,0,0,0,44
40596,2048,2048,2055,2121,0,3,255,716,1,3,465,762,0,0,0,0,0,0,0,0,0,0,0,0,0,45
40667,2048,2050,2054,2121,0,3,255,715,1,3,465,761,0,0,0,0,0,0,0,0,0,0,0,0,0,45
40746,2047,2050,2053,2122,0,3,255,714,1,3,465,761,0,0,0,0,0,0,0,0,0,0,0,0,0,45
40809,2046,2049,2054,2123,0,3,255,713,1,3,465,760,0,0,0,0,0,0,0,0,0,0,0,0,0,45
40880,2047,2050,2054,2125,0,3,256,713,1,3,465,759,0,0,0,0,0,0,0,0,0,0,0,0,0,46
40951,2047,2050,2055,2126,0,3,256,712,1,3,465,759,0,0,0,0,0,0,0,0,0,0,0,0,0,46
41022,2046,2050,2054,2129,0,3,256,711,1,3,465,758,0,0,0,0,0,0,0,0,0,0,0,0,0,46
41094,2048,2049,2054,2131,0,3,256,710,1,3,465,758,0,0,0,0,0,0,0,0,0,0,0,0,0,47
41164,2048,2049,2054,2133,0,3,256,709,1,3,465,758,0,0,0,0,0,0,0,0,0,0,0,0,0,47
41235,2047,2049,2054,2136,0,3,256,709,1,3,465,757,0,0,0,0,0,0,0,0,0,0,0,0,0,48
41305,2048,2049,2054,2139,0,3,256,708,1,3,465,757,0,0,0,0,0,0,0,0,0,0,0,0,0,48
41376,2048,2050,2054,2142,0,3,256,707,1,3,465,756,0,0,0,0,0,0,0,0,0,0,0,0,0,49
41447,2047,2050,2053,2144,0,3,257,706,1,3,465,756,0,0,0,0,0,0,0,0,0,0,0,0,0,49
41519,2046,2050,2054,2147,0,3,257,705,1,3,465,756,0,0,0,0,0,0,0,0,0,0,0,0,0,49
41589,2048,2050,2054,2149,0,3,257,704,1,3,465,755,0,0,0,0,0,0,0,0,0,0,0,0,0,50
41659,2048,2050,2054,2152,0,3,257,704,1,3,465,755,0,0,0,0,0,0,0,0,0,0,0,0,0,50
41730,2048,2050,2053,2155,0,3,257,703,1,3,465,754,0,0,0,0,0,0,0,0,0,0,0,0,0,51
41808,2049,2051,2054,2157,0,3,257,702,1,3,465,753,0,0,0,0,0,0,0,0,0,0,0,0,0,51
41872,2049,2050,2052,2161,0,3,257,702,1,3,465,753,0,0,0,0,0,0,0,0,0,0,0,0,0,51
41943,2048,2051,2052,2163,0,3,257,701,1,3,466,752,0,0,0,0,0,0,0,0,0,0,0,0,0,52
42014,2047,2051,2052,2168,0,3,257,700,1,3,466,751,0,0,0,0,0,0,0,0,0,0,0,0,0,52
42085,2047,2051,2053,2173,0,3,257,699,1,3,466,750,0,0,0,0,0,0,0,0,0,0,0,0,0,53
42156,2048,2050,2053,2180,0,3,257,698,1,3,466,749,0,0,0,0,0,0,0,0,0,0,0,0,0,54
42227,2048,2051,2053,2188,0,3,257,698,1,3,467,748,0,0,0,0,0,0,0,0,0,0,0,0,0,54
42298,2049,2052,2053,2195,0,3,257,697,1,3,467,746,0,0,0,0,0,0,0,0,0,0,0,0,0,55
42365,2048,2052,2053,2204,0,3,257,695,1,3,467,744,0,0,0,0,0,0,0,0,0,0,0,0,0,0
42435,2048,2052,2053,2216,0,3,257,695,1,3,467,744,0,0,0,0,0,0,0,0,0,0,0,0,0,0
42506,2049,2053,2055,2226,0,3,257,695,1,3,467,744,0,0,0,0,0,0,0,0,0,0,0,0,0,0
42577,2050,2053,2056,2236,0,3,257,694,1,3,468,743,0,0,0,0,0,0,0,0,0,0,0,0,0,0
42648,2050,2054,2057,2245,0,3,257,693,1,3,468,742,0,0,0,0,0,0,0,0,0,0,0,0,0,0
42719,2050,2055,2058,2256,0,3,257,692,1,3,468,741,0,0,0,0,0,0,0,0,0,0,0,0,0,0
42792,2051,2056,2060,2267,0,3,257,690,1,3,469,740,0,0,0,0,0,0,0,0,0,0,0,0,0,0
42866,2051,2055,2060,2274,0,3,257,690,1,3,469,740,0,0,0,0,0,0,0,0,0,0,0,0,0,0
42930,2051,2056,2061,2282,0,3,257,689,1,3,469,739,0,0,0,0,0,0,0,0,0,0,0,0,0,0
43000,2052,2057,2062,2287,0,3,256,688,1,3,469,739,0,0,0,0,0,0,0,0,0,0,0,0,0,0
43071,2052,2057,2063,2290,0,3,256,687,1,3,469,738,0,0,0,0,0,0,0,0,0,0,0,0,0,0
43142,2052,2058,2063,2293,0,3,256,686,1,3,469,737,0,0,0,0,0,0,0,0,0,0,0,0,0,0
43215,2052,2058,2063,2296,0,3,256,685,1,3,469,736,0,0,0,0,0,0,0,0,0,0,0,0,0,0
43283,2052,2058,2064,2296,0,3,256,685,1,3,469,736,0,0,0,0,0,0,0,0,0,0,0,0,0,0
43353,2053,2058,2064,2297,0,3,256,684,1,3,469,736,0,0,0,0,0,0,0,0,0,0,0,0,0,0
43424,2052,2058,2065,2296,0,3,256,684,1,3,469,736,0,0,0,0,0,0,0,0,0,0,0,0,0,0
43495,2053,2059,2065,2295,0,3,256,683,1,3,470,735,0,0,0,0,0,0,0,0,0,0,0,0,0,0
43569,2054,2059,2066,2292,0,3,256,682,1,3,470,735,0,0,0,0,0,0,0,0,0,0,0,0,0,0
43636,2054,2059,2065,2290,0,3,256,682,1,3,470,735,0,0,0,0,0,0,0,0,0,0,0,0,0,0
43708,2054,2059,2066,2285,0,3,256,682,1,3,470,735,0,0,0,0,0,0,0,0,0,0,0,0,0,0
43779,2053,2059,2067,2281,0,3,256,682,1,3,470,734,0,0,0,0,0,0,0,0,0,0,0,0,0,0
43852,2053,2059,2066,2277,0,3,256,681,1,3,470,734,0,0,0,0,0,0,0,0,0,0,0,0,0,0
43930,2053,2058,2067,2275,0,3,256,680,1,3,470,734,0,0,0,0,0,0,0,0,0,0,0,0,0,0
43993,2053,2059,2066,2274,0,3,256,679,1,3,470,733,0,0,0,0,0,0,0,0,0,0,0,0,0,0
44064,2053,2059,2066,2275,0,3,256,679,1,3,470,732,0,0,0,0,0,0,0,0,0,0,0,0,0,0
44135,2053,2058,2067,2275,0,3,256,677,1,3,470,731,0,0,0,0,0,0,0,0,0,0,0,0,0,0
44206,2054,2060,2067,2278,0,3,255,676,1,3,470,730,0,0,0,0,0,0,0,0,0,0,0,0,0,0
44276,2054,2059,2067,2280,0,3,255,674,1,3,470,728,0,0,0,0,0,0,0,0,0,0,0,0,0,0
44347,2054,2060,2068,2286,0,3,255,673,1,3,470,727,0,0,0,0,0,0,0,0,0,0,0,0,0,0
44414,2054,2060,2070,2292,0,3,255,672,1,3,470,725,0,0,0,0,0,0,0,0,0,0,0,0,0,0
44488,2055,2061,2070,2300,0,3,255,672,1,3,470,725,0,0,0,0,0,0,0,0,0,0,0,0,0,0
44559,2054,2061,2071,2309,0,3,255,671,1,3,471,722,0,0,0,0,0,0,0,0,0,0,0,0,0,0
44627,2055,2062,2073,2320,0,3,255,670,1,3,471,720,0,0,0,0,0,0,0,0,0,0,0,0,0,0
44701,2056,2062,2073,2328,0,3,255,670,1,3,472,718,0,0,0,0,0,0,0,0,0,0,0,0,0,0
44771,2056,2063,2075,2335,0,3,256,668,1,3,472,718,0,0,0,0,0,0,0,0,0,0,0,0,0,0
44843,2056,2064,2076,2342,0,3,256,667,1,3,472,718,0,0,0,0,0,0,0,0,0,0,0,0,0,0
44913,2057,2064,2078,2350,0,3,257,666,1,3,472,717,0,0,0,0,0,0,0,0,0,0,0,0,0,0
44992,2057,2065,2078,2356,0,3,257,665,1,3,472,717,0,0,0,0,0,0,0,0,0,0,0,0,0,0
45125,2057,2066,2079,2362,0,3,258,662,1,3,472,714,0,0,0,0,0,0,0,0,0,0,0,0,0,0
45196,2059,2067,2079,2364,0,3,259,660,1,3,473,713,0,0,0,0,0,0,0,0,0,0,0,0,0,0
45266,2059,2066,2080,2366,0,3,259,659,1,3,473,711,0,0,0,0,0,0,0,0,0,0,0,0,0,0
45336,2059,2067,2080,2364,0,3,259,658,1,3,473,710,0,0,0,0,0,0,0,0,0,0,0,0,0,0
45408,2059,2067,2080,2362,0,3,260,657,1,3,474,708,0,0,0,0,0,0,0,0,0,0,0,0,0,0
45479,2059,2067,2080,2359,0,3,260,656,1,3,474,707,0,0,0,0,0,0,0,0,0,0,0,0,0,0
45548,2059,2068,2079,2356,0,3,261,655,1,3,475,705,0,0,0,0,0,0,0,0,0,0,0,0,0,0
45619,2059,2067,2079,2351,0,3,261,654,1,3,475,704,0,0,0,0,0,0,0,0,0,0,0,0,0,0
45689,2059,2067,2079,2347,0,3,261,654,1,3,475,703,0,0,0,0,0,0,0,0,0,0,0,0,0,0
45760,2059,2066,2078,2344,0,3,261,653,1,3,476,702,0,0,0,0,0,0,0,0,0,0,0,0,0,0
45830,2059,2067,2079,2342,0,3,262,652,1,3,476,701,0,0,0,0,0,0,0,0,0,0,0,0,0,0
45901,2059,2066,2078,2341,0,3,262,651,1,3,476,700,0,0,0,0,0,0,0,0,0,0,0,0,0,0
45971,2059,2067,2078,2340,0,3,262,651,1,3,477,700,0,0,0,0,0,0,0,0,0,0,0,0,0,0
46049,2059,2067,2079,2340,0,3,262,650,1,3,477,699,0,0,0,0,0,0,0,0,0,0,0,0,0,0
46113,2059,2067,2077,2340,0,3,262,649,1,3,477,698,0,0,0,0,0,0,0,0,0,0,0,0,0,0
46183,2059,2067,2078,2341,0,3,262,648,1,3,477,697,0,0,0,0,0,0,0,0,0,0,0,0,0,0
46254,2059,2068,2077,2344,0,3,263,647,1,3,477,696,0,0,0,0,0,0,0,0,0,0,0,0,0,0
46325,2059,2068,2077,2347,0,3,263,646,1,3,478,695,0,0,0,0,0,0,0,0,0,0,0,0,0,0
46396,2059,2068,2078,2350,0,3,263,645,1,3,478,694,0,0,0,0,0,0,0,0,0,0,0,0,0,0
46466,2059,2068,2079,2354,0,3,263,644,1,3,478,693,0,0,0,0,0,0,0,0,0,0,0,0,0,0
46537,2060,2068,2079,2358,0,3,263,642,1,3,478,691,0,0,0,0,0,0,0,0,0,0,0,0,0,0
46607,2060,2069,2078,2360,0,3,263,641,1,3,478,690,0,0,0,0,0,0,0,0,0,0,0,0,0,0
46679,2060,2069,2079,2361,0,3,263,640,1,3,478,688,0,0,0,0,0,0,0,0,0,0,0,0,0,0
46750,2060,2070,2078,2362,0,3,263,638,1,3,478,687,0,0,0,0,0,0,0,0,0,0,0,0,0,0
46820,2060,2071,2079,2362,0,3,263,636,1,3,478,685,0,0,0,0,0,0,0,0,0,0,0,0,0,0
46891,2060,2071,2079,2361,0,3,264,634,1,3,478,684,0,0,0,0,0,0,0,0,0,0,0,0,0,0
46961,2061,2072,2079,2362,0,3,264,632,1,3,478,681,0,0,0,0,0,0,0,0,0,0,0,0,0,0
47032,2061,2072,2080,2362,0,3,264,630,1,3,478,679,0,0,0,0,0,0,0,0,0,0,0,0,0,0
47111,2062,2073,2081,2364,0,3,264,628,1,3,478,677,0,0,0,0,0,0,0,0,0,0,0,0,0,0
47174,2062,2074,2082,2366,0,3,265,626,1,3,478,675,0,0,0,0,0,0,0,0,0,0,0,0,0,0
47244,2063,2075,2083,2371,0,3,265,624,1,3,479,673,0,0,0,0,0,0,0,0,0,0,0,0,0,0
47315,2063,2077,2083,2376,0,3,266,623,1,3,479,671,0,0,0,0,0,0,0,0,0,0,0,0,0,0
47386,2063,2077,2084,2380,0,3,266,621,1,3,479,669,0,0,0,0,0,0,0,0,0,0,0,0,0,0
47457,2064,2078,2084,2385,0,3,267,619,1,3,479,668,0,0,0,0,0,0,0,0,0,0,0,0,0,0
47527,2064,2079,2085,2387,0,3,268,616,1,3,479,666,0,0,0,0,0,0,0,0,0,0,0,0,0,0
47598,2064,2080,2086,2389,0,3,268,615,1,3,479,665,0,0,0,0,0,0,0,0,0,0,0,0,0,0
47668,2066,2081,2085,2388,0,3,269,613,1,3,480,664,0,0,0,0,0,0,0,0,0,0,0,0,0,0
47739,2065,2081,2086,2386,0,3,269,611,1,3,480,662,0,0,0,0,0,0,0,0,0,0,0,0,0,0
47809,2066,2082,2086,2386,0,3,270,610,1,3,480,661,0,0,0,0,0,0,0,0,0,0,0,0,0,0
47880,2067,2083,2086,2384,0,3,270,608,1,3,480,660,0,0,0,0,0,0,0,0,0,0,0,0,0,0
47952,2066,2083,2086,2380,0,3,270,607,1,3,480,659,0,0,0,0,0,0,0,0,0,0,0,0,0,0
48022,2067,2083,2086,2375,0,3,270,606,1,3,480,658,0,0,0,0,0,0,0,0,0,0,0,0,0,0
48093,2067,2084,2086,2369,0,3,270,605,1,3,481,657,0,0,0,0,0,0,0,0,0,0,0,0,0,0
48171,2067,2085,2086,2363,0,3,271,604,1,3,481,656,0,0,0,0,0,0,0,0,0,0,0,0,0,0
48235,2067,2085,2085,2358,0,3,271,603,1,3,481,656,0,0,0,0,0,0,0,0,0,0,0,0,0,0
48305,2067,2085,2085,2348,0,3,271,602,1,3,481,655,0,0,0,0,0,0,0,0,0,0,0,0,0,0
48375,2067,2085,2085,2337,0,3,271,601,1,3,481,655,0,0,0,0,0,0,0,0,0,0,0,0,0,0
48445,2067,2085,2083,2328,0,3,271,601,1,3,481,654,0,0,0,0,0,0,0,0,0,0,0,0,0,0
48517,2067,2084,2083,2316,0,3,271,600,1,3,481,654,0,0,0,0,0,0,0,0,0,0,0,0,0,0
48587,2066,2084,2082,2306,0,3,271,599,1,3,481,653,0,0,0,0,0,0,0,0,0,0,0,0,0,0
48657,2066,2082,2081,2289,0,3,271,599,1,3,481,653,0,0,0,0,0,0,0,0,0,0,0,0,0,0
48728,2065,2082,2079,2273,0,3,271,599,1,3,481,653,0,0,0,0,0,0,0,0,0,0,0,0,0,0
48796,2064,2081,2078,2256,0,3,271,599,1,3,481,653,0,0,0,0,0,0,0,0,0,0,0,0,0,0
48868,2063,2079,2076,2235,0,3,271,599,1,3,481,653,0,0,0,0,0,0,0,0,0,0,0,0,0,0
48939,2062,2078,2072,2207,0,3,271,599,1,3,481,653,0,0,0,0,0,0,0,0,0,0,0,0,0,0
49010,2061,2075,2068,2180,0,3,271,599,1,3,481,653,0,0,0,0,0,0,0,0,0,0,0,0,0,0
49080,2059,2072,2063,2150,0,3,271,599,1,3,481,653,0,0,0,0,0,0,0,0,0,0,0,0,0,0
49151,2057,2069,2058,2115,0,3,271,599,1,3,481,653,0,0,0,0,0,0,0,0,0,0,0,0,0,0
49230,2055,2065,2051,2074,0,3,271,599,1,3,481,653,0,0,0,0,0,0,0,0,0,0,0,0,0,0
49293,2051,2060,2041,2017,0,3,271,599,1,3,481,653,0,0,0,0,0,0,0,0,0,0,0,0,0,0
49365,2048,2054,2032,1962,0,3,271,599,1,3,481,653,0,0,0,0,0,0,0,0,0,0,0,0,0,0
49436,2043,2048,2021,1900,0,3,271,599,1,3,481,653,0,0,0,0,0,0,0,0,0,0,0,0,0,0
49507,2039,2039,2008,1823,0,3,271,599,1,3,481,653,0,0,0,0,0,0,0,0,0,0,0,0,0,0
49575,2034,2032,1997,1750,0,3,271,599,1,3,481,653,0,0,0,0,0,0,0,0,0,0,0,0,0,0
49646,2030,2025,1985,1675,0,3,271,599,1,3,481,653,0,0,0,0,0,0,0,0,0,0,0,0,0,0
49720,2025,2016,1973,1598,0,3,271,599,1,3,481,653,0,0,0,0,0,0,0,0,0,0,0,0,0,0
49788,2020,2008,1961,1521,0,3,271,599,1,3,481,653,0,0,0,0,0,0,0,0,0,0,0,0,0,0
49857,2016,1999,1948,1429,0,3,271,599,1,3,481,653,0,0,0,0,0,0,0,0,0,0,0,0,0,0
49926,2011,1992,1938,1356,0,3,271,599,1,1,481,653,0,0,0,0,0,0,0,0,0,0,0,0,0,0
49997,2006,1986,1929,1288,0,3,271,599,0,0,0,0,0,0,0,0,0,0,0,0,0,0,0,0,0,0
50063,2004,1979,1922,1222,0,3,271,599,0,0,0,0,0,0,0,0,0,0,0,0,0,0,0,0,0,0
50133,2000,1972,1915,1159,0,1,271,599,0,0,0,0,0,0,0,0,0,0,0,0,0,0,0,0,0,0
59468,1998,1969,1911,1118,0,3,244,716,0,0,0,0,0,0,0,0,0,0,0,0,0,0,0,0,0,0
59541,1996,1965,1908,1085,0,3,244,716,0,0,0,0,0,0,0,0,0,0,0,0,0,0,0,0,0,0
59616,2043,2041,2043,2064,0,3,244,716,0,0,0,0,0,0,0,0,0,0,0,0,0,0,0,0,0,0
59687,2043,2043,2046,2089,0,3,244,716,1,3,463,780,0,0,0,0,0,0,0,0,0,0,0,0,0,0
59758,2045,2045,2053,2126,0,3,244,716,1,3,463,780,0,0,0,0,0,0,0,0,0,0,0,0,0,0
59835,2046,2046,2055,2141,0,3,244,715,1,3,463,780,0,0,0,0,0,0,0,0,0,0,0,0,0,0
59899,2046,2046,2058,2155,0,3,244,715,1,3,463,780,0,0,0,0,0,0,0,0,0,0,0,0,0,1
59970,2046,2049,2059,2166,0,3,244,714,1,3,463,780,0,0,0,0,0,0,0,0,0,0,0,0,0,2
60041,2048,2049,2062,2175,0,3,244,714,1,3,463,780,0,0,0,0,0,0,0,0,0,0,0,0,0,3
60112,2048,2050,2063,2185,0,3,244,713,1,3,463,780,0,0,0,0,0,0,0,0,0,0,0,0,0,4
60183,2049,2050,2063,2192,0,3,244,713,1,3,463,780,0,0,0,0,0,0,0,0,0,0,0,0,0,5
60254,2049,2050,2065,2199,0,3,244,713,1,3,464,780,0,0,0,0,0,0,0,0,0,0,0,0,0,6
60324,2050,2051,2067,2202,0,3,244,712,1,3,464,779,0,0,0,0,0,0,0,0,0,0,0,0,0,7
60394,2051,2051,2067,2204,0,3,244,712,1,3,464,779,0,0,0,0,0,0,0,0,0,0,0,0,0,7
60536,2051,2052,2068,2204,0,3,244,712,1,3,464,778,0,0,0,0,0,0,0,0,0,0,0,0,0,8
60606,2050,2052,2068,2205,0,3,244,712,1,3,464,778,0,0,0,0,0,0,0,0,0,0,0,0,0,9
60677,2050,2052,2068,2205,0,3,244,712,1,3,464,778,0,0,0,0,0,0,0,0,0,0,0,0,0,9
60747,2051,2053,2069,2206,0,3,244,712,1,3,464,778,0,0,0,0,0,0,0,0,0,0,0,0,0,10
60818,2051,2052,2069,2207,0,3,244,712,1,3,464,778,0,0,0,0,0,0,0,0,0,0,0,0,0,10
60896,2051,2053,2069,2210,0,3,244,712,1,3,464,778,0,0,0,0,0,0,0,0,0,0,0,0,0,11
60960,2051,2052,2070,2212,0,3,244,712,1,3,464,777,0,0,0,0,0,0,0,0,0,0,0,0,0,12
61031,2052,2053,2071,2217,0,3,244,712,1,3,464,777,0,0,0,0,0,0,0,0,0,0,0,0,0,13
61101,2052,2053,2072,2220,0,3,244,712,1,3,464,777,0,0,0,0,0,0,0,0,0,0,0,0,0,14
61172,2051,2054,2072,2222,0,3,244,712,1,3,464,777,0,0,0,0,0,0,0,0,0,0,0,0,0,14
61243,2052,2054,2072,2224,0,3,244,712,1,3,464,777,0,0,0,0,0,0,0,0,0,0,0,0,0,15
61313,2051,2055,2072,2224,0,3,244,712,1,3,464,777,0,0,0,0,0,0,0,0,0,0,0,0,0,16
61384,2052,2054,2072,2224,0,3,244,712,1,3,464,776,0,0,0,0,0,0,0,0,0,0,0,0,0,17
61454,2053,2054,2073,2223,0,3,244,712,1,3,464,776,0,0,0,0,0,0,0,0,0,0,0,0,0,17
61524,2053,2054,2072,2221,0,3,244,712,1,3,464,776,0,0,0,0,0,0,0,0,0,0,0,0,0,18
61595,2052,2055,2072,2218,0,3,244,712,1,3,464,776,0,0,0,0,0,0,0,0,0,0,0,0,0,18
61665,2052,2054,2071,2214,0,3,244,712,1,3,464,776,0,0,0,0,0,0,0,0,0,0,0,0,0,19
61736,2052,2054,2071,2210,0,3,244,712,1,3,464,776,0,0,0,0,0,0,0,0,0,0,0,0,0,19
61807,2052,2054,2070,2207,0,3,244,712,1,3,464,776,0,0,0,0,0,0,0,0,0,0,0,0,0,19
61877,2052,2054,2069,2204,0,3,244,712,1,3,464,776,0,0,0,0,0,0,0,0,0,0,0,0,0,20
61954,2051,2053,2069,2201,0,3,244,712,1,3,464,776,0,0,0,0,0,0,0,0,0,0,0,0,0,20
62019,2052,2053,2068,2198,0,3,244,712,1,3,464,776,0,0,0,0,0,0,0,0,0,0,0,0,0,21
62089,2052,2054,2067,2195,0,3,244,712,1,3,464,776,0,0,0,0,0,0,0,0,0,0,0,0,0,21
62160,2051,2053,2068,2192,0,3,244,712,1,3,464,776,0,0,0,0,0,0,0,0,0,0,0,0,0,22
62230,2051,2053,2066,2188,0,3,244,712,1,3,464,776,0,0,0,0,0,0,0,0,0,0,0,0,0,22
62301,2051,2053,2066,2185,0,3,244,712,1,3,464,776,0,0,0,0,0,0,0,0,0,0,0,0,0,22
62372,2051,2052,2065,2181,0,3,244,712,1,3,464,776,0,0,0,0,0,0,0,0,0,0,0,0,0,23
62442,2051,2052,2064,2178,0,3,244,712,1,3,464,776,0,0,0,0,0,0,0,0,0,0,0,0,0,23
62512,2050,2052,2063,2171,0,3,244,712,1,3,464,776,0,0,0,0,0,0,0,0,0,0,0,0,0,23
62583,2050,2052,2063,2168,0,3,244,712,1,3,464,776,0,0,0,0,0,0,0,0,0,0,0,0,0,23
62654,2050,2052,2062,2163,0,3,244,712,1,3,464,776,0,0,0,0,0,0,0,0,0,0,0,0,0,24
62725,2050,2051,2061,2159,0,3,244,712,1,3,464,776,0,0,0,0,0,0,0,0,0,0,0,0,0,24
62795,2050,2051,2060,2155,0,3,244,712,1,3,464,776,0,0,0,0,0,0,0,0,0,0,0,0,0,24
62866,2049,2051,2060,2150,0,3,244,712,1,3,464,776,0,0,0,0,0,0,0,0,0,0,0,0,0,24
62937,2049,2050,2058,2147,0,3,244,712,1,3,464,776,0,0,0,0,0,0,0,0,0,0,0,0,0,24
63014,2049,2050,2057,2145,0,3,244,712,1,3,464,776,0,0,0,0,0,0,0,0,0,0,0,0,0,25
63079,2049,2050,2057,2143,0,3,244,712,1,3,464,776,0,0,0,0,0,0,0,0,0,0,0,0,0,25
63149,2048,2050,2057,2140,0,3,244,712,1,3,464,776,0,0,0,0,0,0,0,0,0,0,0,0,0,25
63220,2049,2049,2056,2138,0,3,244,712,1,3,464,776,0,0,0,0,0,0,0,0,0,0,0,0,0,26
63291,2048,2048,2056,2135,0,3,244,712,1,3,464,776,0,0,0,0,0,0,0,0,0,0,0,0,0,26
63361,2048,2049,2056,2132,0,3,244,712,1,3,464,776,0,0,0,0,0,0,0,0,0,0,0,0,0,26
63432,2048,2048,2055,2129,0,3,244,712,1,3,464,776,0,0,0,0,0,0,0,0,0,0,0,0,0,26
63502,2048,2049,2054,2127,0,3,244,712,1,3,464,776,0,0,0,0,0,0,0,0,0,0,0,0,0,26
63573,2047,2048,2053,2124,0,3,244,712,1,3,464,776,0,0,0,0,0,0,0,0,0,0,0,0,0,27
63643,2046,2048,2053,2121,0,3,244,712,1,3,464,776,0,0,0,0,0,0,0,0,0,0,0,0,0,27
63714,2046,2047,2053,2119,0,3,244,712,1,3,464,776,0,0,0,0,0,0,0,0,0,0,0,0,0,27
63785,2046,2047,2052,2116,0,3,244,712,1,3,464,776,0,0,0,0,0,0,0,0,0,0,0,0,0,27
63855,2047,2047,2052,2114,0,3,244,712,1,3,464,776,0,0,0,0,0,0,0,0,0,0,0,0,0,27
63926,2046,2047,2052,2113,0,3,244,712,1,3,464,776,0,0,0,0,0,0,0,0,0,0,0,0,0,28
63999,2046,2048,2052,2112,0,3,244,712,1,3,464,776,0,0,0,0,0,0,0,0,0,0,0,0,0,28
64073,2046,2047,2052,2111,0,3,244,712,1,3,464,776,0,0,0,0,0,0,0,0,0,0,0,0,0,28
64137,2046,2047,2051,2111,0,3,244,712,1,3,464,776,0,0,0,0,0,0,0,0,0,0,0,0,0,28
64208,2045,2046,2052,2111,0,3,244,712,1,3,464,776,0,0,0,0,0,0,0,0,0,0,0,0,0,29
64278,2046,2046,2052,2111,0,3,244,712,1,3,464,776,0,0,0,0,0,0,0,0,0,0,0,0,0,29
64348,2046,2046,2052,2110,0,3,244,712,1,3,464,776,0,0,0,0,0,0,0,0,0,0,0,0,0,29
64419,2045,2047,2052,2110,0,3,244,712,1,3,464,776,0,0,0,0,0,0,0,0,0,0,0,0,0,30
64490,2046,2048,2051,2109,0,3,244,712,1,3,464,776,0,0,0,0,0,0,0,0,0,0,0,0,0,30
64561,2046,2046,2051,2106,0,3,244,712,1,3,464,776,0,0,0,0,0,0,0,0,0,0,0,0,0,30
64632,2046,2046,2051,2105,0,3,244,712,1,3,464,776,0,0,0,0,0,0,0,0,0,0,0,0,0,30
64702,2045,2046,2051,2102,0,3,244,712,1,3,464,776,0,0,0,0,0,0,0,0,0,0,0,0,0,30
64773,2045,2046,2051,2101,0,3,244,712,1,3,464,776,0,0,0,0,0,0,0,0,0,0,0,0,0,31
64844,2046,2046,2050,2098,0,3,244,712,1,3,464,776,0,0,0,0,0,0,0,0,0,0,0,0,0,31
64914,2045,2046,2050,2096,0,3,244,712,1,3,464,776,0,0,0,0,0,0,0,0,0,0,0,0,0,31
64986,2045,2045,2049,2095,0,3,244,712,1,3,464,776,0,0,0,0,0,0,0,0,0,0,0,0,0,31
65057,2045,2045,2049,2093,0,3,244,712,1,3,464,776,0,0,0,0,0,0,0,0,0,0,0,0,0,31
65134,2045,2045,2049,2091,0,3,244,712,1,3,464,776,0,0,0,0,0,0,0,0,0,0,0,0,0,32
65198,2045,2045,2048,2090,0,3,244,712,1,3,464,776,0,0,0,0,0,0,0,0,0,0,0,0,0,32
65269,2045,2045,2048,2090,0,3,244,712,1,3,464,776,0,0,0,0,0,0,0,0,0,0,0,0,0,32
65340,2045,2045,2048,2089,0,3,244,712,1,3,464,776,0,0,0,0,0,0,0,0,0,0,0,0,0,32
65411,2045,2045,2048,2089,0,3,244,712,1,3,464,776,0,0,0,0,0,0,0,0,0,0,0,0,0,32
65482,2045,2045,2049,2089,0,3,244,712,1,3,464,776,0,0,0,0,0,0,0,0,0,0,0,0,0,32
17,2045,2045,2048,2089,0,3,244,712,1,3,464,776,0,0,0,0,0,0,0,0,0,0,0,0,0,32
88,2045,2045,2049,2089,0,3,244,712,1,3,464,776,0,0,0,0,0,0,0,0,0,0,0,0,0,33
159,2045,2045,2048,2089,0,3,244,712,1,3,464,776,0,0,0,0,0,0,0,0,0,0,0,0,0,33
230,2044,2045,2048,2088,0,3,244,712,1,3,464,776,0,0,0,0,0,0,0,0,0,0,0,0,0,33
301,2045,2045,2049,2088,0,3,244,711,1,3,464,776,0,0,0,0,0,0,0,0,0,0,0,0,0,33
372,2045,2045,2048,2087,0,3,244,711,1,3,464,776,0,0,0,0,0,0,0,0,0,0,0,0,0,33
442,2045,2045,2048,2087,0,3,244,711,1,3,464,776,0,0,0,0,0,0,0,0,0,0,0,0,0,33
513,2044,2045,2047,2085,0,3,244,711,1,3,464,776,0,0,0,0,0,0,0,0,0,0,0,0,0,33
583,2044,2044,2046,2084,0,3,244,711,1,3,464,776,0,0,0,0,0,0,0,0,0,0,0,0,0,33
660,2044,2044,2046,2084,0,3,244,711,1,3,464,776,0,0,0,0,0,0,0,0,0,0,0,0,0,33
724,2045,2044,2047,2085,0,3,244,711,1,3,464,776,0,0,0,0,0,0,0,0,0,0,0,0,0,33
795,2044,2044,2048,2085,0,3,244,711,1,3,464,776,0,0,0,0,0,0,0,0,0,0,0,0,0,33
866,2045,2044,2047,2084,0,3,244,711,1,3,464,776,0,0,0,0,0,0,0,0,0,0,0,0,0,33
937,2044,2046,2048,2084,0,3,244,711,1,3,464,776,0,0,0,0,0,0,0,0,0,0,0,0,0,33
1007,2045,2045,2048,2084,0,3,244,711,1,3,464,776,0,0,0,0,0,0,0,0,0,0,0,0,0,33
1078,2045,2045,2047,2083,0,3,244,711,1,3,464,776,0,0,0,0,0,0,0,0,0,0,0,0,0,33
1148,2044,2045,2047,2082,0,3,244,711,1,3,464,776,0,0,0,0,0,0,0,0,0,0,0,0,0,33
1219,2044,2045,2047,2081,0,3,244,711,1,3,464,776,0,0,0,0,0,0,0,0,0,0,0,0,0,33
1289,2044,2045,2046,2080,0,3,244,711,1,3,464,776,0,0,0,0,0,0,0,0,0,0,0,0,0,33
1360,2044,2044,2047,2079,0,3,244,711,1,3,464,776,0,0,0,0,0,0,0,0,0,0,0,0,0,33
1431,2044,2044,2046,2078,0,3,244,711,1,3,464,776,0,0,0,0,0,0,0,0,0,0,0,0,0,33
1502,2044,2044,2045,2077,0,3,244,711,1,3,464,776,0,0,0,0,0,0,0,0,0,0,0,0,0,33
1573,2044,2043,2045,2076,0,3,244,711,1,3,464,776,0,0,0,0,0,0,0,0,0,0,0,0,0,33
1644,2045,2044,2045,2075,0,3,244,711,1,3,464,776,0,0,0,0,0,0,0,0,0,0,0,0,0,33
1722,2044,2044,2046,2074,0,3,244,711,1,3,464,776,0,0,0,0,0,0,0,0,0,0,0,0,0,33
1786,2044,2044,2046,2073,0,3,244,711,1,3,464,776,0,0,0,0,0,0,0,0,0,0,0,0,0,33
1857,2044,2044,2045,2073,0,3,244,711,1,3,464,776,0,0,0,0,0,0,0,0,0,0,0,0,0,33
1928,2044,2044,2046,2072,0,3,244,711,1,3,464,776,0,0,0,0,0,0,0,0,0,0,0,0,0,33
1998,2044,2044,2045,2070,0,3,244,711,1,3,464,776,0,0,0,0,0,0,0,0,0,0,0,0,0,33
2069,2044,2044,2045,2070,0,3,244,711,1,3,464,776,0,0,0,0,0,0,0,0,0,0,0,0,0,33
2140,2043,2044,2045,2069,0,3,244,711,1,3,464,776,0,0,0,0,0,0,0,0,0,0,0,0,0,33
2210,2044,2044,2045,2068,0,3,244,711,1,3,464,776,0,0,0,0,0,0,0,0,0,0,0,0,0,33
2281,2044,2044,2044,2067,0,3,244,711,1,3,464,776,0,0,0,0,0,0,0,0,0,0,0,0,0,33
2352,2044,2044,2045,2066,0,3,244,711,1,3,464,776,0,0,0,0,0,0,0,0,0,0,0,0,0,33
2422,2044,2043,2043,2065,0,3,244,711,1,3,464,776,0,0,0,0,0,0,0,0,0,0,0,0,0,33
2493,2044,2044,2044,2064,0,3,244,711,1,3,464,776,0,0,0,0,0,0,0,0,0,0,0,0,0,33
2563,2044,2043,2044,2064,0,3,244,711,1,3,464,776,0,0,0,0,0,0,0,0,0,0,0,0,0,33
2634,2044,2043,2044,2064,0,3,244,711,1,3,464,776,0,0,0,0,0,0,0,0,0,0,0,0,0,33
2704,2044,2043,2045,2063,0,3,244,711,1,3,464,776,0,0,0,0,0,0,0,0,0,0,0,0,0,33
2782,2044,2043,2044,2063,0,3,244,711,1,3,464,776,0,0,0,0,0,0,0,0,0,0,0,0,0,33
2845,2043,2044,2044,2064,0,3,244,711,1,3,464,776,0,0,0,0,0,0,0,0,0,0,0,0,0,33
2915,2043,2043,2045,2064,0,3,244,711,1,3,464,776,0,0,0,0,0,0,0,0,0,0,0,0,0,33
2986,2043,2044,2045,2065,0,3,244,711,1,3,464,776,0,0,0,0,0,0,0,0,0,0,0,0,0,33
3057,2044,2044,2045,2064,0,3,244,711,1,3,464,776,0,0,0,0,0,0,0,0,0,0,0,0,0,33
3127,2044,2043,2044,2064,0,3,244,711,1,3,464,776,0,0,0,0,0,0,0,0,0,0,0,0,0,33
3198,2043,2042,2044,2063,0,3,244,711,1,3,464,776,0,0,0,0,0,0,0,0,0,0,0,0,0,33
3269,2043,2043,2044,2063,0,3,244,711,1,3,464,776,0,0,0,0,0,0,0,0,0,0,0,0,0,33
3340,2043,2043,2044,2061,0,3,244,711,1,3,464,776,0,0,0,0,0,0,0,0,0,0,0,0,0,33
3411,2043,2044,2044,2060,0,3,244,711,1,3,464,776,0,0,0,0,0,0,0,0,0,0,0,0,0,33
3482,2044,2043,2044,2060,0,3,244,711,1,3,464,776,0,0,0,0,0,0,0,0,0,0,0,0,0,33
3552,2043,2043,2044,2059,0,3,244,711,1,3,464,776,0,0,0,0,0,0,0,0,0,0,0,0,0,33
3623,2043,2043,2044,2058,0,3,244,711,1,3,464,776,0,0,0,0,0,0,0,0,0,0,0,0,0,33
3693,2044,2043,2044,2058,0,3,244,711,1,3,464,776,0,0,0,0,0,0,0,0,0,0,0,0,0,33
3764,2043,2042,2044,2057,0,3,244,711,1,3,464,776,0,0,0,0,0,0,0,0,0,0,0,0,0,33
3841,2044,2043,2044,2058,0,3,244,711,1,3,464,776,0,0,0,0,0,0,0,0,0,0,0,0,0,33
3906,2043,2042,2044,2060,0,3,244,711,1,3,464,776,0,0,0,0,0,0,0,0,0,0,0,0,0,33
3976,2043,2043,2046,2060,0,3,244,711,1,3,464,776,0,0,0,0,0,0,0,0,0,0,0,0,0,33
4050,2044,2044,2046,2062,0,3,244,711,1,3,464,775,0,0,0,0,0,0,0,0,0,0,0,0,0,33
4118,2043,2043,2045,2062,0,3,244,711,1,3,464,776,0,0,0,0,0,0,0,0,0,0,0,0,0,33
4189,2044,2043,2046,2064,0,3,244,711,1,3,464,776,0,0,0,0,0,0,0,0,0,0,0,0,0,33
4259,2043,2043,2048,2066,0,3,244,711,1,3,464,776,0,0,0,0,0,0,0,0,0,0,0,0,0,33
4330,2044,2044,2046,2067,0,3,244,711,1,3,464,776,0,0,0,0,0,0,0,0,0,0,0,0,0,33
4400,2044,2043,2047,2068,0,3,244,711,1,3,464,776,0,0,0,0,0,0,0,0,0,0,0,0,0,33
4471,2044,2043,2048,2070,0,3,244,711,1,3,464,776,0,0,0,0,0,0,0,0,0,0,0,0,0,33
4541,2044,2044,2047,2072,0,3,244,711,1,3,464,776,0,0,0,0,0,0,0,0,0,0,0,0,0,33
4612,2044,2044,2048,2073,0,3,244,711,1,3,464,776,0,0,0,0,0,0,0,0,0,0,0,0,0,33
4683,2045,2044,2048,2074,0,3,244,711,1,3,464,776,0,0,0,0,0,0,0,0,0,0,0,0,0,33
4754,2045,2043,2049,2077,0,3,244,711,1,3,464,776,0,0,0,0,0,0,0,0,0,0,0,0,0,33
4825,2044,2044,2048,2079,0,3,245,711,1,3,465,775,0,0,0,0,0,0,0,0,0,0,0,0,0,33
4902,2044,2044,2048,2080,0,3,246,710,1,3,465,775,0,0,0,0,0,0,0,0,0,0,0,0,0,33
4967,2044,2044,2049,2082,0,3,247,710,1,3,466,775,0,0,0,0,0,0,0,0,0,0,0,0,0,33
5037,2044,2044,2050,2084,0,3,247,710,1,3,467,774,0,0,0,0,0,0,0,0,0,0,0,0,0,33
5108,2044,2044,2049,2086,0,3,248,710,1,3,467,774,0,0,0,0,0,0,0,0,0,0,0,0,0,33
5179,2044,2044,2050,2089,0,3,248,709,1,3,467,774,0,0,0,0,0,0,0,0,0,0,0,0,0,33
5250,2046,2044,2050,2090,0,3,249,709,1,3,468,774,0,0,0,0,0,0,0,0,0,0,0,0,0,33
5392,2045,2044,2050,2091,0,3,249,709,1,3,468,774,0,0,0,0,0,0,0,0,0,0,0,0,0,33
5462,2044,2044,2050,2090,0,3,249,709,1,3,468,774,0,0,0,0,0,0,0,0,0,0,0,0,0,33
5533,2044,2044,2050,2090,0,3,249,709,1,3,468,774,0,0,0,0,0,0,0,0,0,0,0,0,0,34
5604,2045,2045,2050,2089,0,3,249,709,1,3,468,774,0,0,0,0,0,0,0,0,0,0,0,0,0,34
5674,2044,2045,2049,2087,0,3,249,709,1,3,468,774,0,0,0,0,0,0,0,0,0,0,0,0,0,34
5745,2044,2044,2049,2085,0,3,249,709,1,3,468,774,0,0,0,0,0,0,0,0,0,0,0,0,0,34
5816,2045,2044,2049,2083,0,3,249,709,1,3,468,774,0,0,0,0,0,0,0,0,0,0,0,0,0,34
5886,2044,2044,2048,2080,0,3,249,709,1,3,468,774,0,0,0,0,0,0,0,0,0,0,0,0,0,34
5964,2044,2043,2046,2079,0,3,249,709,1,3,468,774,0,0,0,0,0,0,0,0,0,0,0,0,0,34
6028,2044,2044,2046,2078,0,3,249,709,1,3,468,774,0,0,0,0,0,0,0,0,0,0,0,0,0,34
6098,2044,2044,2046,2078,0,3,249,709,1,3,468,774,0,0,0,0,0,0,0,0,0,0,0,0,0,34
6169,2044,2044,2046,2076,0,3,249,709,1,3,468,774,0,0,0,0,0,0,0,0,0,0,0,0,0,34
6239,2044,2044,2046,2076,0,3,249,709,1,3,468,774,0,0,0,0,0,0,0,0,0,0,0,0,0,34
6309,2044,2044,2045,2075,0,3,249,709,1,3,468,774,0,0,0,0,0,0,0,0,0,0,0,0,0,34
6380,2044,2043,2046,2074,0,3,249,709,1,3,468,774,0,0,0,0,0,0,0,0,0,0,0,0,0,34
6451,2043,2044,2045,2074,0,3,249,709,1,3,468,774,0,0,0,0,0,0,0,0,0,0,0,0,0,34
6521,2043,2044,2045,2074,0,3,249,709,1,3,468,774,0,0,0,0,0,0,0,0,0,0,0,0,0,34
6592,2044,2043,2046,2074,0,3,249,709,1,3,468,774,0,0,0,0,0,0,0,0,0,0,0,0,0,34
6662,2044,2044,2046,2074,0,3,249,709,1,3,468,774,0,0,0,0,0,0,0,0,0,0,0,0,0,34
6733,2043,2044,2045,2074,0,3,249,709,1,3,468,774,0,0,0,0,0,0,0,0,0,0,0,0,0,34
6803,2044,2044,2046,2073,0,3,249,709,1,3,468,774,0,0,0,0,0,0,0,0,0,0,0,0,0,34
6874,2044,2044,2045,2074,0,3,249,709,1,3,468,774,0,0,0,0,0,0,0,0,0,0,0,0,0,34
6944,2044,2043,2046,2074,0,3,249,709,1,3,468,774,0,0,0,0,0,0,0,0,0,0,0,0,0,34
7021,2043,2043,2046,2073,0,3,249,709,1,3,468,774,0,0,0,0,0,0,0,0,0,0,0,0,0,34
7085,2044,2043,2046,2072,0,3,249,709,1,3,468,774,0,0,0,0,0,0,0,0,0,0,0,0,0,34
7155,2043,2043,2046,2072,0,3,249,709,1,3,468,774,0,0,0,0,0,0,0,0,0,0,0,0,0,34
7226,2044,2043,2046,2072,0,3,249,709,1,3,468,774,0,0,0,0,0,0,0,0,0,0,0,0,0,34
7297,2043,2043,2046,2072,0,3,249,709,1,3,468,774,0,0,0,0,0,0,0,0,0,0,0,0,0,34
7368,2044,2043,2045,2071,0,3,249,709,1,3,468,774,0,0,0,0,0,0,0,0,0,0,0,0,0,34
7439,2044,2043,2046,2070,0,3,249,709,1,3,468,774,0,0,0,0,0,0,0,0,0,0,0,0,0,34
7510,2044,2043,2046,2069,0,3,249,709,1,3,468,774,0,0,0,0,0,0,0,0,0,0,0,0,0,34
7581,2044,2043,2046,2070,0,3,249,709,1,3,468,774,0,0,0,0,0,0,0,0,0,0,0,0,0,34
7652,2044,2043,2046,2070,0,3,249,709,1,3,468,774,0,0,0,0,0,0,0,0,0,0,0,0,0,34
7722,2043,2044,2045,2069,0,3,249,709,1,3,468,774,0,0,0,0,0,0,0,0,0,0,0,0,0,34
7793,2043,2043,2045,2068,0,3,249,709,1,3,468,774,0,0,0,0,0,0,0,0,0,0,0,0,0,34
7864,2044,2043,2046,2069,0,3,249,709,1,3,468,774,0,0,0,0,0,0,0,0,0,0,0,0,0,34
7934,2043,2043,2045,2069,0,3,249,709,1,3,468,774,0,0,0,0,0,0,0,0,0,0,0,0,0,34
8005,2044,2044,2046,2069,0,3,249,709,1,3,468,774,0,0,0,0,0,0,0,0,0,0,0,0,0,34
8083,2044,2043,2046,2069,0,3,249,709,1,3,468,774,0,0,0,0,0,0,0,0,0,0,0,0,0,34
8147,2044,2043,2046,2069,0,3,249,709,1,3,468,774,0,0,0,0,0,0,0,0,0,0,0,0,0,34
8217,2043,2043,2046,2068,0,3,249,709,1,3,468,774,0,0,0,0,0,0,0,0,0,0,0,0,0,34
8288,2044,2043,2045,2068,0,3,249,709,1,3,468,774,0,0,0,0,0,0,0,0,0,0,0,0,0,34
8358,2043,2044,2045,2067,0,3,249,709,1,3,468,774,0,0,0,0,0,0,0,0,0,0,0,0,0,34
8429,2044,2043,2045,2065,0,3,249,709,1,3,468,774,0,0,0,0,0,0,0,0,0,0,0,0,0,34
8500,2043,2043,2045,2063,0,3,249,709,1,3,468,774,0,0,0,0,0,0,0,0,0,0,0,0,0,34
8570,2043,2043,2044,2064,0,3,249,709,1,3,468,774,0,0,0,0,0,0,0,0,0,0,0,0,0,34
8641,2043,2044,2044,2064,0,3,249,709,1,3,468,774,0,0,0,0,0,0,0,0,0,0,0,0,0,34
8712,2044,2043,2044,2064,0,3,249,709,1,3,468,774,0,0,0,0,0,0,0,0,0,0,0,0,0,34
8783,2043,2043,2044,2065,0,3,249,709,1,3,468,774,0,0,0,0,0,0,0,0,0,0,0,0,0,34
8854,2043,2043,2045,2066,0,3,249,709,1,3,468,774,0,0,0,0,0,0,0,0,0,0,0,0,0,34
8924,2044,2043,2045,2068,0,3,249,709,1,3,468,774,0,0,0,0,0,0,0,0,0,0,0,0,0,34
8995,2043,2043,2044,2067,0,3,249,709,1,3,468,774,0,0,0,0,0,0,0,0,0,0,0,0,0,34
9065,2044,2043,2045,2067,0,3,249,709,1,3,468,774,0,0,0,0,0,0,0,0,0,0,0,0,0,34
9142,2044,2044,2045,2067,0,3,249,709,1,3,468,774,0,0,0,0,0,0,0,0,0,0,0,0,0,34
9206,2044,2043,2045,2067,0,3,249,709,1,3,468,774,0,0,0,0,0,0,0,0,0,0,0,0,0,34
9277,2043,2043,2045,2068,0,3,249,709,1,3,468,774,0,0,0,0,0,0,0,0,0,0,0,0,0,34
9348,2044,2043,2045,2068,0,3,249,709,1,3,468,774,0,0,0,0,0,0,0,0,0,0,0,0,0,34
9418,2043,2043,2045,2066,0,3,249,709,1,3,468,774,0,0,0,0,0,0,0,0,0,0,0,0,0,34
9489,2043,2043,2045,2066,0,3,249,709,1,3,468,774,0,0,0,0,0,0,0,0,0,0,0,0,0,34
9560,2043,2043,2044,2066,0,3,249,709,1,3,468,774,0,0,0,0,0,0,0,0,0,0,0,0,0,34
9631,2044,2043,2045,2064,0,3,249,709,1,3,468,774,0,0,0,0,0,0,0,0,0,0,0,0,0,34
9701,2043,2043,2046,2065,0,3,249,709,1,3,468,774,0,0,0,0,0,0,0,0,0,0,0,0,0,34
9772,2043,2044,2045,2065,0,3,249,709,1,3,468,774,0,0,0,0,0,0,0,0,0,0,0,0,0,34
9842,2043,2044,2046,2065,0,3,249,709,1,3,468,774,0,0,0,0,0,0,0,0,0,0,0,0,0,34
9913,2044,2043,2046,2065,0,3,249,709,1,3,468,774,0,0,0,0,0,0,0,0,0,0,0,0,0,34
9983,2043,2043,2045,2065,0,3,249,709,1,3,468,774,0,0,0,0,0,0,0,0,0,0,0,0,0,34
10054,2043,2044,2045,2064,0,3,249,709,1,3,468,774,0,0,0,0,0,0,0,0,0,0,0,0,0,34
10125,2044,2043,2045,2064,0,3,249,709,1,3,468,774,0,0,0,0,0,0,0,0,0,0,0,0,0,34
10203,2043,2043,2045,2062,0,3,249,709,1,3,468,774,0,0,0,0,0,0,0,0,0,0,0,0,0,34
10267,2043,2043,2044,2060,0,3,249,709,1,3,468,774,0,0,0,0,0,0,0,0,0,0,0,0,0,34
10408,2043,2043,2044,2058,0,3,249,709,1,3,468,774,0,0,0,0,0,0,0,0,0,0,0,0,0,34
10478,2043,2043,2044,2055,0,3,249,709,1,3,468,774,0,0,0,0,0,0,0,0,0,0,0,0,0,34
10549,2043,2043,2043,2053,0,3,249,709,1,3,468,774,0,0,0,0,0,0,0,0,0,0,0,0,0,34
10620,2042,2043,2043,2050,0,3,249,709,1,3,468,774,0,0,0,0,0,0,0,0,0,0,0,0,0,34
10690,2043,2042,2043,2048,0,3,249,709,1,3,468,774,0,0,0,0,0,0,0,0,0,0,0,0,0,34
10761,2043,2042,2042,2043,0,3,249,709,1,3,468,774,0,0,0,0,0,0,0,0,0,0,0,0,0,34
10832,2043,2042,2042,2042,0,3,249,709,1,3,468,774,0,0,0,0,0,0,0,0,0,0,0,0,0,34
10902,2043,2042,2041,2040,0,3,249,709,1,3,468,774,0,0,0,0,0,0,0,0,0,0,0,0,0,34
10972,2043,2042,2041,2039,0,3,249,709,1,3,468,774,0,0,0,0,0,0,0,0,0,0,0,0,0,34
11043,2043,2042,2041,2037,0,3,249,709,1,3,468,774,0,0,0,0,0,0,0,0,0,0,0,0,0,34
11114,2042,2042,2041,2036,0,3,249,709,1,3,468,774,0,0,0,0,0,0,0,0,0,0,0,0,0,34
11184,2042,2042,2041,2035,0,3,249,709,1,3,468,774,0,0,0,0,0,0,0,0,0,0,0,0,0,34
11261,2042,2041,2041,2034,0,3,249,709,1,3,468,774,0,0,0,0,0,0,0,0,0,0,0,0,0,34
11326,2042,2041,2041,2032,0,3,249,709,1,3,468,774,0,0,0,0,0,0,0,0,0,0,0,0,0,34
11397,2042,2041,2040,2033,0,3,249,709,1,3,468,774,0,0,0,0,0,0,0,0,0,0,0,0,0,34
11468,2042,2041,2041,2032,0,3,249,709,1,3,468,774,0,0,0,0,0,0,0,0,0,0,0,0,0,34
11538,2042,2042,2041,2032,0,3,249,709,1,3,468,774,0,0,0,0,0,0,0,0,0,0,0,0,0,34
11608,2043,2041,2041,2032,0,3,249,709,1,3,468,774,0,0,0,0,0,0,0,0,0,0,0,0,0,34
11679,2042,2041,2041,2031,0,3,249,709,1,3,468,774,0,0,0,0,0,0,0,0,0,0,0,0,0,34
11749,2042,2042,2040,2030,0,3,249,709,1,3,468,774,0,0,0,0,0,0,0,0,0,0,0,0,0,34
11819,2042,2042,2040,2030,0,3,249,709,1,3,468,774,0,0,0,0,0,0,0,0,0,0,0,0,0,34
11890,2042,2041,2041,2030,0,3,249,709,1,3,468,774,0,0,0,0,0,0,0,0,0,0,0,0,0,34
11961,2042,2041,2041,2030,0,3,249,709,1,3,468,774,0,0,0,0,0,0,0,0,0,0,0,0,0,34
12032,2043,2041,2041,2030,0,3,249,709,1,3,468,774,0,0,0,0,0,0,0,0,0,0,0,0,0,34
12103,2042,2041,2041,2030,0,3,249,709,1,3,468,774,0,0,0,0,0,0,0,0,0,0,0,0,0,34
12173,2042,2041,2041,2032,0,3,249,709,1,3,468,774,0,0,0,0,0,0,0,0,0,0,0,0,0,34
12244,2043,2041,2041,2033,0,3,249,709,1,3,468,774,0,0,0,0,0,0,0,0,0,0,0,0,0,34
12321,2043,2042,2041,2035,0,3,249,709,1,3,468,774,0,0,0,0,0,0,0,0,0,0,0,0,0,34
12385,2043,2042,2042,2035,0,3,249,709,1,3,468,774,0,0,0,0,0,0,0,0,0,0,0,0,0,34
12456,2043,2041,2041,2036,0,3,249,709,1,3,468,774,0,0,0,0,0,0,0,0,0,0,0,0,0,34
12527,2043,2042,2042,2037,0,3,249,709,1,3,468,774,0,0,0,0,0,0,0,0,0,0,0,0,0,34
12597,2042,2041,2042,2038,0,3,249,709,1,3,468,774,0,0,0,0,0,0,0,0,0,0,0,0,0,34
12668,2042,2041,2042,2038,0,3,249,709,1,3,468,774,0,0,0,0,0,0,0,0,0,0,0,0,0,34
12738,2042,2042,2042,2038,0,3,249,709,1,3,468,774,0,0,0,0,0,0,0,0,0,0,0,0,0,34
12809,2043,2042,2042,2037,0,3,249,709,1,3,468,774,0,0,0,0,0,0,0,0,0,0,0,0,0,34
12880,2043,2042,2042,2038,0,3,249,709,1,3,468,774,0,0,0,0,0,0,0,0,0,0,0,0,0,34
12951,2042,2042,2042,2037,0,3,249,709,1,3,468,774,0,0,0,0,0,0,0,0,0,0,0,0,0,34
13021,2043,2042,2041,2037,0,3,249,709,1,3,468,774,0,0,0,0,0,0,0,0,0,0,0,0,0,34
13095,2042,2042,2042,2038,0,3,249,709,1,3,468,774,0,0,0,0,0,0,0,0,0,0,0,0,0,34
13163,2042,2042,2041,2039,0,3,249,709,1,3,468,774,0,0,0,0,0,0,0,0,0,0,0,0,0,34
13233,2043,2042,2042,2039,0,3,249,709,1,3,468,774,0,0,0,0,0,0,0,0,0,0,0,0,0,34
13304,2043,2042,2042,2040,0,3,249,709,1,3,468,774,0,0,0,0,0,0,0,0,0,0,0,0,0,34
13381,2042,2041,2043,2039,0,3,249,709,1,3,468,774,0,0,0,0,0,0,0,0,0,0,0,0,0,34
13445,2042,2041,2042,2040,0,3,249,709,1,3,468,774,0,0,0,0,0,0,0,0,0,0,0,0,0,34
13516,2042,2042,2043,2041,0,3,249,709,1,3,468,774,0,0,0,0,0,0,0,0,0,0,0,0,0,34
13589,2043,2042,2042,2041,0,3,249,709,1,3,468,774,0,0,0,0,0,0,0,0,0,0,0,0,0,34
13657,2043,2041,2043,2041,0,3,249,709,1,3,468,774,0,0,0,0,0,0,0,0,0,0,0,0,0,34
13727,2042,2042,2043,2042,0,3,249,709,1,3,468,774,0,0,0,0,0,0,0,0,0,0,0,0,0,34
13798,2043,2042,2043,2041,0,3,249,709,1,3,468,774,0,0,0,0,0,0,0,0,0,0,0,0,0,34
13869,2043,2041,2043,2042,0,3,249,709,1,3,468,774,0,0,0,0,0,0,0,0,0,0,0,0,0,34
13939,2043,2042,2043,2041,0,3,249,709,1,3,468,774,0,0,0,0,0,0,0,0,0,0,0,0,0,34
14010,2042,2042,2043,2041,0,3,249,709,1,3,468,774,0,0,0,0,0,0,0,0,0,0,0,0,0,34
14081,2042,2042,2043,2042,0,3,249,709,1,3,468,774,0,0,0,0,0,0,0,0,0,0,0,0,0,34
14154,2043,2041,2042,2042,0,3,249,709,1,3,468,774,0,0,0,0,0,0,0,0,0,0,0,0,0,34
14222,2042,2042,2043,2042,0,3,249,709,1,3,468,774,0,0,0,0,0,0,0,0,0,0,0,0,0,34
14293,2043,2041,2042,2042,0,3,249,709,1,3,468,774,0,0,0,0,0,0,0,0,0,0,0,0,0,34
14364,2043,2042,2043,2043,0,3,249,709,1,3,468,774,0,0,0,0,0,0,0,0,0,0,0,0,0,34
14441,2043,2042,2043,2041,0,3,249,709,1,3,468,774,0,0,0,0,0,0,0,0,0,0,0,0,0,34
14506,2043,2041,2043,2042,0,3,249,709,1,3,468,774,0,0,0,0,0,0,0,0,0,0,0,0,0,34
14576,2043,2041,2043,2041,0,3,249,709,1,3,468,774,0,0,0,0,0,0,0,0,0,0,0,0,0,34
14647,2043,2042,2043,2041,0,3,249,709,1,3,468,774,0,0,0,0,0,0,0,0,0,0,0,0,0,34
14718,2044,2042,2043,2042,0,3,249,709,1,3,468,774,0,0,0,0,0,0,0,0,0,0,0,0,0,34
14789,2043,2041,2042,2040,0,3,249,709,1,3,468,774,0,0,0,0,0,0,0,0,0,0,0,0,0,34
14859,2043,2042,2042,2040,0,3,249,709,1,3,468,774,0,0,0,0,0,0,0,0,0,0,0,0,0,34
14930,2043,2042,2042,2040,0,3,249,709,1,3,468,774,0,0,0,0,0,0,0,0,0,0,0,0,0,34
15000,2043,2042,2042,2039,0,3,249,709,1,3,468,774,0,0,0,0,0,0,0,0,0,0,0,0,0,34
15070,2042,2043,2042,2039,0,3,249,709,1,3,468,774,0,0,0,0,0,0,0,0,0,0,0,0,0,34
15144,2043,2042,2042,2039,0,3,249,709,1,3,468,774,0,0,0,0,0,0,0,0,0,0,0,0,0,34
15212,2043,2042,2042,2039,0,3,249,709,1,3,468,774,0,0,0,0,0,0,0,0,0,0,0,0,0,34
15282,2043,2042,2042,2040,0,3,249,709,1,3,468,774,0,0,0,0,0,0,0,0,0,0,0,0,0,34
15352,2043,2042,2042,2040,0,3,249,709,1,3,468,774,0,0,0,0,0,0,0,0,0,0,0,0,0,34
15424,2042,2042,2042,2041,0,3,249,709,1,3,468,774,0,0,0,0,0,0,0,0,0,0,0,0,0,34
15500,2042,2041,2042,2041,0,3,249,709,1,3,468,774,0,0,0,0,0,0,0,0,0,0,0,0,0,34
15564,2043,2041,2042,2041,0,3,249,709,1,3,468,774,0,0,0,0,0,0,0,0,0,0,0,0,0,34
15635,2043,2042,2043,2040,0,3,249,709,1,3,468,774,0,0,0,0,0,0,0,0,0,0,0,0,0,34
15705,2043,2042,2042,2040,0,3,249,709,1,3,468,774,0,0,0,0,0,0,0,0,0,0,0,0,0,34
15776,2043,2042,2042,2040,0,3,249,709,1,3,468,774,0,0,0,0,0,0,0,0,0,0,0,0,0,34
15850,2043,2042,2042,2039,0,3,249,709,1,3,468,774,0,0,0,0,0,0,0,0,0,0,0,0,0,34
15918,2043,2041,2042,2038,0,3,249,709,1,3,468,774,0,0,0,0,0,0,0,0,0,0,0,0,0,34
15989,2042,2042,2042,2037,0,3,249,709,1,3,468,774,0,0,0,0,0,0,0,0,0,0,0,0,0,34
16059,2043,2042,2042,2037,0,3,249,709,1,3,468,774,0,0,0,0,0,0,0,0,0,0,0,0,0,34
16130,2043,2041,2042,2038,0,3,249,709,1,3,468,774,0,0,0,0,0,0,0,0,0,0,0,0,0,34
16201,2042,2041,2042,2037,0,3,249,709,1,3,468,774,0,0,0,0,0,0,0,0,0,0,0,0,0,34
16272,2042,2041,2042,2037,0,3,249,709,1,3,468,774,0,0,0,0,0,0,0,0,0,0,0,0,0,34
16343,2043,2041,2041,2037,0,3,249,709,1,3,468,774,0,0,0,0,0,0,0,0,0,0,0,0,0,34
16414,2043,2042,2041,2037,0,3,249,709,1,3,468,774,0,0,0,0,0,0,0,0,0,0,0,0,0,34
16485,2042,2042,2041,2037,0,3,249,709,1,3,468,774,0,0,0,0,0,0,0,0,0,0,0,0,0,34
16563,2042,2042,2041,2036,0,3,249,709,1,3,468,774,0,0,0,0,0,0,0,0,0,0,0,0,0,34
16627,2042,2041,2041,2035,0,3,249,709,1,3,468,774,0,0,0,0,0,0,0,0,0,0,0,0,0,34
16700,2043,2042,2041,2035,0,3,249,709,1,3,468,774,0,0,0,0,0,0,0,0,0,0,0,0,0,34
16768,2043,2041,2042,2034,0,3,249,709,1,3,468,774,0,0,0,0,0,0,0,0,0,0,0,0,0,34
16839,2043,2041,2042,2035,0,3,249,709,1,3,468,774,0,0,0,0,0,0,0,0,0,0,0,0,0,34
16910,2043,2041,2042,2034,0,3,249,709,1,3,468,774,0,0,0,0,0,0,0,0,0,0,0,0,0,34
16981,2043,2041,2041,2035,0,3,249,709,1,3,468,774,0,0,0,0,0,0,0,0,0,0,0,0,0,34
17052,2043,2041,2042,2035,0,3,249,709,1,3,468,774,0,0,0,0,0,0,0,0,0,0,0,0,0,34
17123,2043,2042,2040,2035,0,3,249,709,1,3,468,774,0,0,0,0,0,0,0,0,0,0,0,0,0,34
17194,2042,2041,2041,2035,0,3,249,709,1,3,468,774,0,0,0,0,0,0,0,0,0,0,0,0,0,34
17265,2042,2041,2041,2034,0,3,249,709,1,3,468,774,0,0,0,0,0,0,0,0,0,0,0,0,0,34
17335,2042,2041,2041,2034,0,3,249,709,1,3,468,774,0,0,0,0,0,0,0,0,0,0,0,0,0,34
17406,2043,2041,2041,2033,0,3,249,709,1,3,468,774,0,0,0,0,0,0,0,0,0,0,0,0,0,34
17477,2043,2042,2041,2034,0,3,249,709,1,3,468,774,0,0,0,0,0,0,0,0,0,0,0,0,0,34
17548,2042,2041,2041,2032,0,3,249,709,1,3,468,774,0,0,0,0,0,0,0,0,0,0,0,0,0,34
17625,2043,2041,2040,2033,0,3,249,709,1,3,468,774,0,0,0,0,0,0,0,0,0,0,0,0,0,34
17690,2043,2041,2041,2034,0,3,249,709,1,3,468,774,0,0,0,0,0,0,0,0,0,0,0,0,0,34
17760,2043,2041,2041,2034,0,3,249,709,1,3,468,774,0,0,0,0,0,0,0,0,0,0,0,0,0,34
17831,2043,2042,2041,2035,0,3,249,709,1,3,468,774,0,0,0,0,0,0,0,0,0,0,0,0,0,34
17902,2043,2041,2041,2037,0,3,249,709,1,3,468,774,0,0,0,0,0,0,0,0,0,0,0,0,0,34
17973,2043,2042,2041,2037,0,3,249,709,1,3,468,774,0,0,0,0,0,0,0,0,0,0,0,0,0,34
18043,2042,2042,2042,2040,0,3,249,709,1,3,468,774,0,0,0,0,0,0,0,0,0,0,0,0,0,34
18114,2043,2042,2043,2040,0,3,249,709,1,3,468,774,0,0,0,0,0,0,0,0,0,0,0,0,0,34
18185,2043,2042,2042,2042,0,3,249,709,1,3,468,774,0,0,0,0,0,0,0,0,0,0,0,0,0,34
18256,2043,2042,2044,2043,0,3,249,709,1,3,468,774,0,0,0,0,0,0,0,0,0,0,0,0,0,34
18326,2042,2042,2043,2045,0,3,249,709,1,3,468,774,0,0,0,0,0,0,0,0,0,0,0,0,0,34
18396,2043,2042,2043,2046,0,3,249,709,1,3,468,774,0,0,0,0,0,0,0,0,0,0,0,0,0,34
18467,2043,2043,2044,2049,0,3,249,709,1,3,468,774,0,0,0,0,0,0,0,0,0,0,0,0,0,34
18538,2044,2043,2043,2050,0,3,249,709,1,3,468,774,0,0,0,0,0,0,0,0,0,0,0,0,0,34
18608,2044,2043,2044,2053,0,3,249,709,1,3,468,774,0,0,0,0,0,0,0,0,0,0,0,0,0,34
18685,2043,2042,2044,2054,0,3,249,709,1,3,468,774,0,0,0,0,0,0,0,0,0,0,0,0,0,34
18749,2044,2043,2045,2057,0,3,249,709,1,3,468,774,0,0,0,0,0,0,0,0,0,0,0,0,0,34
18820,2043,2042,2046,2060,0,3,249,709,1,3,468,774,0,0,0,0,0,0,0,0,0,0,0,0,0,34
18890,2043,2043,2045,2062,0,3,249,709,1,3,468,774,0,0,0,0,0,0,0,0,0,0,0,0,0,34
18961,2044,2044,2047,2065,0,3,249,709,1,3,468,774,0,0,0,0,0,0,0,0,0,0,0,0,0,34
19032,2044,2043,2047,2068,0,3,249,709,1,3,468,774,0,0,0,0,0,0,0,0,0,0,0,0,0,34
19103,2044,2044,2048,2070,0,3,249,709,1,3,468,774,0,0,0,0,0,0,0,0,0,0,0,0,0,34
19174,2043,2044,2047,2071,0,3,249,709,1,3,468,774,0,0,0,0,0,0,0,0,0,0,0,0,0,34
19244,2044,2044,2049,2073,0,3,249,709,1,3,468,774,0,0,0,0,0,0,0,0,0,0,0,0,0,34
19316,2044,2044,2048,2074,0,3,249,709,1,3,468,774,0,0,0,0,0,0,0,0,0,0,0,0,0,34
19386,2045,2044,2049,2077,0,3,249,709,1,3,468,774,0,0,0,0,0,0,0,0,0,0,0,0,0,34
19457,2045,2044,2049,2078,0,3,249,709,1,3,468,774,0,0,0,0,0,0,0,0,0,0,0,0,0,34
19528,2045,2044,2049,2079,0,3,249,709,1,3,468,774,0,0,0,0,0,0,0,0,0,0,0,0,0,34
19599,2045,2045,2049,2081,0,3,249,709,1,3,468,774,0,0,0,0,0,0,0,0,0,0,0,0,0,34
19670,2044,2043,2050,2083,0,3,249,709,1,3,468,774,0,0,0,0,0,0,0,0,0,0,0,0,0,34
19747,2045,2045,2050,2086,0,3,249,709,1,3,468,774,0,0,0,0,0,0,0,0,0,0,0,0,0,34
19812,2044,2044,2051,2089,0,3,249,709,1,3,468,774,0,0,0,0,0,0,0,0,0,0,0,0,0,34
19882,2045,2045,2051,2093,0,3,249,709,1,3,468,774,0,0,0,0,0,0,0,0,0,0,0,0,0,35
19952,2045,2045,2052,2096,0,3,249,709,1,3,468,773,0,0,0,0,0,0,0,0,0,0,0,0,0,35
20023,2045,2045,2052,2100,0,3,249,709,1,3,468,773,0,0,0,0,0,0,0,0,0,0,0,0,0,36
20094,2046,2046,2052,2102,0,3,249,709,1,3,468,773,0,0,0,0,0,0,0,0,0,0,0,0,0,36
20164,2046,2045,2052,2104,0,3,249,709,1,3,468,772,0,0,0,0,0,0,0,0,0,0,0,0,0,37
20235,2046,2046,2052,2108,0,3,249,709,1,3,468,772,0,0,0,0,0,0,0,0,0,0,0,0,0,37
20309,2046,2046,2052,2110,0,3,249,709,1,3,468,772,0,0,0,0,0,0,0,0,0,0,0,0,0,37
20377,2046,2046,2052,2111,0,3,249,709,1,3,468,774,0,0,0,0,0,0,0,0,0,0,0,0,0,38
20448,2046,2046,2053,2114,0,3,249,709,1,3,468,774,0,0,0,0,0,0,0,0,0,0,0,0,0,38
20522,2046,2046,2053,2117,0,3,249,709,1,3,468,774,0,0,0,0,0,0,0,0,0,0,0,0,0,39
20593,2046,2046,2053,2119,0,3,249,709,1,3,468,774,0,0,0,0,0,0,0,0,0,0,0,0,0,39
20664,2046,2046,2053,2123,0,3,249,709,1,3,468,774,0,0,0,0,0,0,0,0,0,0,0,0,0,40
20735,2047,2046,2054,2126,0,3,249,709,1,3,468,774,0,0,0,0,0,0,0,0,0,0,0,0,0,40
20813,2047,2048,2054,2132,0,3,249,709,1,3,468,774,0,0,0,0,0,0,0,0,0,0,0,0,0,41
20874,2048,2048,2055,2140,0,3,249,708,1,3,468,774,0,0,0,0,0,0,0,0,0,0,0,0,0,42
20947,2047,2048,2055,2146,0,3,249,708,1,3,468,774,0,0,0,0,0,0,0,0,0,0,0,0,0,42
21015,2048,2048,2056,2156,0,3,249,708,1,3,468,774,0,0,0,0,0,0,0,0,0,0,0,0,0,43
21089,0,0,0,0,0,3,249,708,1,3,468,774,0,0,0,0,0,0,0,0,0,0,0,0,0,0
21160,0,0,0,0,0,3,249,708,1,3,468,774,0,0,0,0,0,0,0,0,0,0,0,0,0,0
21231,0,0,0,0,0,3,249,708,1,3,468,774,0,0,0,0,0,0,0,0,0,0,0,0,0,0
21302,0,0,0,0,0,3,249,708,1,3,468,774,0,0,0,0,0,0,0,0,0,0,0,0,0,0
21373,0,0,0,0,0,3,249,707,1,3,468,774,0,0,0,0,0,0,0,0,0,0,0,0,0,0
21444,0,0,0,0,0,3,249,707,1,3,468,774,0,0,0,0,0,0,0,0,0,0,0,0,0,0
21514,0,0,0,0,0,3,249,706,1,3,468,772,0,0,0,0,0,0,0,0,0,0,0,0,0,0
21582,0,0,0,0,0,3,249,705,1,3,468,771,0,0,0,0,0,0,0,0,0,0,0,0,0,0
21656,0,0,0,0,0,3,249,705,1,3,468,771,0,0,0,0,0,0,0,0,0,0,0,0,0,0
21726,0,0,0,0,0,3,249,705,1,3,468,772,0,0,0,0,0,0,0,0,0,0,0,0,0,0
21797,0,0,0,0,0,3,249,705,1,3,468,772,0,0,0,0,0,0,0,0,0,0,0,0,0,0
21871,0,0,0,0,0,3,249,705,1,3,468,772,0,0,0,0,0,0,0,0,0,0,0,0,0,0
21938,0,0,0,0,0,3,249,705,1,3,468,772,0,0,0,0,0,0,0,0,0,0,0,0,0,0
22009,0,0,0,0,0,3,249,705,1,3,468,772,0,0,0,0,0,0,0,0,0,0,0,0,0,0
22080,0,0,0,0,0,3,249,705,1,3,468,772,0,0,0,0,0,0,0,0,0,0,0,0,0,0
22151,0,0,0,0,0,3,249,705,1,3,468,772,0,0,0,0,0,0,0,0,0,0,0,0,0,0
22222,0,0,0,0,0,3,249,705,1,3,468,772,0,0,0,0,0,0,0,0,0,0,0,0,0,0
22293,0,0,0,0,0,3,249,704,1,3,468,772,0,0,0,0,0,0,0,0,0,0,0,0,0,0
22360,0,0,0,0,0,3,249,704,1,3,468,772,0,0,0,0,0,0,0,0,0,0,0,0,0,0
22435,0,0,0,0,0,3,249,704,1,3,468,772,0,0,0,0,0,0,0,0,0,0,0,0,0,0
22505,0,0,0,0,0,3,249,704,1,3,468,772,0,0,0,0,0,0,0,0,0,0,0,0,1,0
22573,0,0,0,0,0,3,249,704,1,3,468,772,0,0,0,0,0,0,0,0,0,0,0,0,1,0
22644,0,0,0,0,0,3,249,704,1,3,468,772,0,0,0,0,0,0,0,0,0,0,0,0,1,0
22715,0,0,0,0,0,3,249,704,1,3,468,772,0,0,0,0,0,0,0,0,0,0,0,0,1,0
22785,0,0,0,0,0,3,249,704,1,3,468,770,0,0,0,0,0,0,0,0,0,0,0,0,1,0
22856,0,0,0,0,0,3,249,704,1,3,468,768,0,0,0,0,0,0,0,0,0,0,0,0,1,0
22933,0,0,0,0,0,3,249,704,1,3,468,767,0,0,0,0,0,0,0,0,0,0,0,0,1,0
22997,0,0,0,0,0,3,249,703,1,3,469,765,0,0,0,0,0,0,0,0,0,0,0,0,1,0
23068,0,0,0,0,0,3,249,703,1,3,469,764,0,0,0,0,0,0,0,0,0,0,0,0,1,0
23138,0,0,0,0,0,3,250,702,1,3,469,762,0,0,0,0,0,0,0,0,0,0,0,0,1,0
23209,0,0,0,0,0,3,250,701,1,3,469,760,0,0,0,0,0,0,0,0,0,0,0,0,1,0
23280,0,0,0,0,0,3,250,700,1,3,469,758,0,0,0,0,0,0,0,0,0,0,0,0,1,0
23351,0,0,0,0,0,3,250,698,1,3,469,757,0,0,0,0,0,0,0,0,0,0,0,0,1,0
23421,0,0,0,0,0,3,250,697,1,3,469,755,0,0,0,0,0,0,0,0,0,0,0,0,1,0
23492,0,0,0,0,0,3,250,696,1,3,469,753,0,0,0,0,0,0,0,0,0,0,0,0,1,0
23563,0,0,0,0,0,3,250,694,1,3,469,752,0,0,0,0,0,0,0,0,0,0,0,0,1,0
23634,0,0,0,0,0,3,250,693,1,3,469,750,0,0,0,0,0,0,0,0,0,0,0,0,1,0
23704,0,0,0,0,0,3,250,692,1,3,469,749,0,0,0,0,0,0,0,0,0,0,0,0,1,0
23775,0,0,0,0,0,3,250,692,1,3,469,748,0,0,0,0,0,0,0,0,0,0,0,0,1,0
23846,0,0,0,0,0,3,250,691,1,3,468,746,0,0,0,0,0,0,0,0,0,0,0,0,1,0
23916,0,0,0,0,0,3,250,690,1,3,468,745,0,0,0,0,0,0,0,0,0,0,0,0,1,0
23993,0,0,0,0,0,3,250,689,1,3,468,744,0,0,0,0,0,0,0,0,0,0,0,0,1,0
24057,0,0,0,0,0,3,250,688,1,3,468,743,0,0,0,0,0,0,0,0,0,0,0,0,1,0
24128,0,0,0,0,0,3,250,688,1,3,468,742,0,0,0,0,0,0,0,0,0,0,0,0,1,0
24199,0,0,0,0,0,3,250,687,1,3,468,741,0,0,0,0,0,0,0,0,0,0,0,0,1,0
24270,0,0,0,0,0,3,249,687,1,3,468,741,0,0,0,0,0,0,0,0,0,0,0,0,1,0
24341,0,0,0,0,0,3,249,687,1,3,468,740,0,0,0,0,0,0,0,0,0,0,0,0,1,0
24411,0,0,0,0,0,3,249,686,1,3,468,740,0,0,0,0,0,0,0,0,0,0,0,0,1,0
24482,0,0,0,0,0,3,249,686,1,3,468,740,0,0,0,0,0,0,0,0,0,0,0,0,1,0
24553,0,0,0,0,0,3,249,686,1,3,468,740,0,0,0,0,0,0,0,0,0,0,0,0,1,0
24624,0,0,0,0,0,3,249,686,1,3,468,739,0,0,0,0,0,0,0,0,0,0,0,0,1,0
24695,0,0,0,0,0,3,249,686,1,3,468,739,0,0,0,0,0,0,0,0,0,0,0,0,1,0
24765,0,0,0,0,0,3,249,686,1,3,468,739,0,0,0,0,0,0,0,0,0,0,0,0,1,0
24836,0,0,0,0,0,3,249,686,1,3,468,739,0,0,0,0,0,0,0,0,0,0,0,0,1,0
24907,0,0,0,0,0,3,249,685,1,3,468,739,0,0,0,0,0,0,0,0,0,0,0,0,1,0
24978,0,0,0,0,0,3,249,685,1,3,468,738,0,0,0,0,0,0,0,0,0,0,0,0,1,0
25057,0,0,0,0,0,3,249,685,1,3,468,738,0,0,0,0,0,0,0,0,0,0,0,0,1,0
25118,0,0,0,0,0,3,249,685,1,3,468,738,0,0,0,0,0,0,0,0,0,0,0,0,1,0
25189,0,0,0,0,0,3,249,684,1,3,468,737,0,0,0,0,0,0,0,0,0,0,0,0,1,0
25260,0,0,0,0,0,3,249,684,1,3,468,737,0,0,0,0,0,0,0,0,0,0,0,0,1,0
25331,0,0,0,0,0,3,249,684,1,3,468,737,0,0,0,0,0,0,0,0,0,0,0,0,1,0
25401,0,0,0,0,0,3,249,684,1,3,468,737,0,0,0,0,0,0,0,0,0,0,0,0,1,0
25472,0,0,0,0,0,3,249,683,1,3,468,737,0,0,0,0,0,0,0,0,0,0,0,0,1,0
25542,0,0,0,0,0,3,249,683,1,3,468,737,0,0,0,0,0,0,0,0,0,0,0,0,1,0
25613,0,0,0,0,0,3,249,683,1,3,468,737,0,0,0,0,0,0,0,0,0,0,0,0,1,0
25683,0,0,0,0,0,3,249,683,1,3,468,737,0,0,0,0,0,0,0,0,0,0,0,0,1,0
25824,0,0,0,0,0,3,249,683,1,3,468,737,0,0,0,0,0,0,0,0,0,0,0,0,1,0
25895,0,0,0,0,0,3,249,683,1,3,468,737,0,0,0,0,0,0,0,0,0,0,0,0,1,0
25966,0,0,0,0,0,3,249,683,1,3,468,737,0,0,0,0,0,0,0,0,0,0,0,0,1,0
26115,0,0,0,0,0,3,249,683,1,3,468,737,0,0,0,0,0,0,0,0,0,0,0,0,1,0

,2027,2025,2029,2032
